RA,Fase,Turma,Nome,Ano de Nascimento do Aluno,Idade do Aluno,Gênero,Ano de Ingresso na Passos Mágicos,Instituição de ensino,Pedra 2020,Pedra 2021,Pedra 2022,Índice de Desenvolvimento Educacional (INDE),Classificação Geral (Ranking Geral),Classificação na Fase (Ranking por Fase),Classificação na Turma (Ranking por Turma),Quantidade de Avaliações,Equipe Avaliadora 1,Recomendação da Equipe Avaliadora 1,Equipe Avaliadora 2,Recomendação da Equipe Avaliadora 2,Equipe Avaliadora 3,Recomendação da Equipe Avaliadora 3,Equipe Avaliadora 4,Recomendação da Equipe Avaliadora 4,Indicador de Autoavaliação,Indicador de Engajamento,Indicador Psicossocial,Recomendação da Equipe de Psicologia,Indicador de Aprendizagem,Nota Média de Matemática,Nota Média de Português,Nota Média de Inglês,Indicado para Bolsa,Atingiu Ponto de Virada,Indicador de Ponto de Virada,Indicador de Adequação ao Nível,Fase ideal,Nível de Defasagem,Observações sobre Indicador de Engajamento,Observações sobre Indicador de Aprendizagem,Observações sobre Indicador de Ponto de Virada,Fase_ideal_num,gap_fase,pv_bool,cluster5
RA-2,7,A,Aluno-2,2005,17,Menina,2017,Rede Decisão,Ametista,Ametista,Ametista,7.055,469,8,3,4,Avaliador-5,Promovido de Fase,Avaliador-27,Promovido de Fase + Bolsa,Avaliador-28,Promovido de Fase,Avaliador-31,Promovido de Fase + Bolsa,8.8,5.2,6.3,Sem limitações,6.8,6.3,4.5,9.7,Não,Não,6.778,10.0,Fase 7 (3º EM),0,Melhorar: Melhorar a sua entrega de lições de casa.,Melhorar: Empenhar-se mais nas aulas e avaliações.,Melhorar: Integrar-se mais aos Princípios Passos Mágicos.,7.0,0.0,False,4
RA-3,7,A,Aluno-3,2005,17,Menina,2016,Rede Decisão,Ametista,Ametista,Ágata,6.591,629,13,6,4,Avaliador-5,Promovido de Fase,Avaliador-27,Promovido de Fase + Bolsa,Avaliador-28,Promovido de Fase + Bolsa,Avaliador-31,Promovido de Fase + Bolsa,0.0,7.9,5.6,Sem limitações,5.6,5.8,4.0,6.9,Não,Não,7.556,10.0,Fase 7 (3º EM),0,Destaque: A sua boa entrega das lições de casa.,Melhorar: Empenhar-se mais nas aulas e avaliações.,Destaque: A sua boa integração aos Princípios Passos Mágicos.,7.0,0.0,False,4
RA-5,7,A,Aluno-5,2005,17,Menina,2016,Rede Decisão,Ametista,Ametista,Ametista,7.427,344,6,2,4,Avaliador-5,Promovido de Fase,Avaliador-27,Promovido de Fase + Bolsa,Avaliador-28,Promovido de Fase + Bolsa,Avaliador-31,Promovido de Fase + Bolsa,7.9,8.6,5.6,Requer avaliação,5.2,7.0,2.9,5.7,Não,Não,7.389,10.0,Fase 7 (3º EM),0,Destaque: A sua boa entrega das lições de casa.,Melhorar: Empenhar-se mais nas aulas e avaliações.,Melhorar: Integrar-se mais aos Princípios Passos Mágicos.,7.0,0.0,False,4
RA-30,6,A,Aluno-30,2006,16,Menina,2021,Escola Pública,,Ametista,Ametista,7.605,270,9,9,4,Avaliador-5,Promovido de Fase,Avaliador-27,Mantido na Fase atual,Avaliador-28,Promovido de Fase,Avaliador-31,Promovido de Fase,8.8,6.4,7.5,Sem limitações,7.5,8.5,4.4,9.7,Não,Não,7.333,10.0,Fase 6 (2º EM),0,Melhorar: Melhorar a sua entrega de lições de casa.,Destaque: As suas boas notas na Passos Mágicos.,Melhorar: Integrar-se mais aos Princípios Passos Mágicos.,6.0,0.0,False,4
RA-32,6,A,Aluno-32,2006,16,Menina,2018,Rede Decisão,Ametista,Ametista,Ametista,7.37,370,11,11,4,Avaliador-5,Promovido de Fase,Avaliador-27,Mantido na Fase atual,Avaliador-28,Mantido na Fase atual,Avaliador-31,Promovido de Fase,8.8,5.2,8.8,Sem limitações,6.1,5.7,3.6,8.9,Não,Não,7.944,10.0,Fase 6 (2º EM),0,Melhorar: Melhorar a sua entrega de lições de casa.,Melhorar: Empenhar-se mais nas aulas e avaliações.,Destaque: A sua boa integração aos Princípios Passos Mágicos.,6.0,0.0,False,4
RA-39,6,A,Aluno-39,2006,16,Menina,2017,Rede Decisão,Ametista,Ametista,Ágata,6.033,722,15,15,4,Avaliador-5,Promovido de Fase,Avaliador-27,Mantido na Fase atual,Avaliador-28,Promovido de Fase,Avaliador-31,Promovido de Fase,0.0,4.8,6.9,Requer avaliação,6.9,7.7,5.1,7.8,Não,Não,6.111,10.0,Fase 6 (2º EM),0,Melhorar: Melhorar a sua entrega de lições de casa.,Melhorar: Empenhar-se mais nas aulas e avaliações.,Melhorar: Integrar-se mais aos Princípios Passos Mágicos.,6.0,0.0,False,4
RA-42,5,A,Aluno-42,2007,15,Menino,2019,Rede Decisão,Topázio,Ametista,Ágata,6.72,582,33,5,3,Avaliador-5,Mantido na Fase atual,Avaliador-27,Mantido na Fase atual,Avaliador-24,Promovido de Fase,Avaliador-31,,8.3,7.9,5.6,Requer avaliação,4.8,3.7,4.5,6.2,Não,Não,6.083,10.0,Fase 5 (1º EM),0,Destaque: A sua boa entrega das lições de casa.,Melhorar: Empenhar-se mais nas aulas e avaliações.,Melhorar: Integrar-se mais aos Princípios Passos Mágicos.,5.0,0.0,False,4
RA-45,5,A,Aluno-45,2007,15,Menina,2019,Rede Decisão,Ametista,Topázio,Ametista,7.591,277,17,2,3,Avaliador-5,Promovido de Fase,Avaliador-27,Mantido na Fase atual,Avaliador-24,Promovido de Fase + Bolsa,Avaliador-31,,7.9,8.9,5.6,Requer avaliação,6.8,6.3,5.2,8.8,Não,Não,7.417,10.0,Fase 5 (1º EM),0,Destaque: A sua boa entrega das lições de casa.,Melhorar: Empenhar-se mais nas aulas e avaliações.,Melhorar: Integrar-se mais aos Princípios Passos Mágicos.,5.0,0.0,False,4
RA-48,5,A,Aluno-48,2007,15,Menina,2017,Rede Decisão,Ametista,Ametista,Ametista,8.006,140,10,1,3,Avaliador-5,Promovido de Fase,Avaliador-27,Mantido na Fase atual,Avaliador-24,Promovido de Fase + Bolsa,Avaliador-31,,6.7,8.4,7.5,Sem limitações,8.1,6.7,8.0,9.5,Não,Sim,8.5,10.0,Fase 5 (1º EM),0,Destaque: A sua boa entrega das lições de casa.,Destaque: As suas boas notas na Passos Mágicos.,Destaque: A sua boa integração aos Princípios Passos Mágicos.,5.0,0.0,True,4
RA-52,5,B,Aluno-52,2009,13,Menino,2018,Rede Decisão,Topázio,Ametista,Ametista,7.861,183,12,5,3,Avaliador-5,Promovido de Fase,Avaliador-27,Mantido na Fase atual,Avaliador-24,Promovido de Fase + Bolsa,Avaliador-31,,9.6,8.9,7.5,Não atendido,6.2,3.3,6.3,8.8,Não,Não,7.5,10.0,Fase 3 (7º e 8º ano),2,Destaque: A sua boa entrega das lições de casa.,Melhorar: Empenhar-se mais nas aulas e avaliações.,Destaque: A sua boa integração aos Princípios Passos Mágicos.,3.0,-2.0,False,4
RA-56,5,B,Aluno-56,2007,15,Menina,2019,Rede Decisão,Topázio,Topázio,Topázio,8.404,46,7,1,3,Avaliador-5,Mantido na Fase atual,Avaliador-27,Mantido na Fase atual,Avaliador-24,Promovido de Fase + Bolsa,Avaliador-31,,10.0,10.0,7.5,Sem limitações,7.0,4.5,6.5,10.0,Não,Não,8.25,10.0,Fase 5 (1º EM),0,Destaque: A sua boa entrega das lições de casa.,Melhorar: Empenhar-se mais nas aulas e avaliações.,Destaque: A sua boa integração aos Princípios Passos Mágicos.,5.0,0.0,False,4
RA-58,5,B,Aluno-58,2007,15,Menino,2017,Rede Decisão,Topázio,Topázio,Topázio,8.136,103,9,3,3,Avaliador-5,Promovido de Fase,Avaliador-27,Mantido na Fase atual,Avaliador-24,Promovido de Fase + Bolsa,Avaliador-31,,9.6,9.2,6.3,Sem limitações,7.2,4.5,8.0,9.0,Não,Não,8.125,10.0,Fase 5 (1º EM),0,Destaque: A sua boa entrega das lições de casa.,Melhorar: Empenhar-se mais nas aulas e avaliações.,Destaque: A sua boa integração aos Princípios Passos Mágicos.,5.0,0.0,False,4
RA-61,5,B,Aluno-61,2007,15,Menino,2021,Escola Pública,,Ágata,Ametista,7.533,298,20,8,3,Avaliador-5,Mantido na Fase atual,Avaliador-27,Mantido na Fase atual,Avaliador-24,Promovido de Fase + Bolsa,Avaliador-31,,9.2,7.4,7.5,Não atendido,5.8,1.7,6.3,9.3,Sim,Não,7.875,10.0,Fase 5 (1º EM),0,Melhorar: Melhorar a sua entrega de lições de casa.,Melhorar: Empenhar-se mais nas aulas e avaliações.,Destaque: A sua boa integração aos Princípios Passos Mágicos.,5.0,0.0,False,4
RA-76,5,F,Aluno-76,2007,15,Menina,2017,Rede Decisão,Ametista,Topázio,Topázio,9.105,3,3,1,4,Avaliador-5,Promovido de Fase + Bolsa,Avaliador-27,Mantido na Fase atual,Avaliador-24,Promovido de Fase + Bolsa,Avaliador-31,Promovido de Fase + Bolsa,10.0,9.1,8.1,Sem limitações,8.7,9.3,8.3,8.4,Não,Sim,9.292,10.0,Fase 5 (1º EM),0,Destaque: A sua boa entrega das lições de casa.,Destaque: As suas boas notas na Passos Mágicos.,Destaque: A sua boa integração aos Princípios Passos Mágicos.,5.0,0.0,True,4
RA-81,5,K,Aluno-81,2008,14,Menina,2017,Rede Decisão,Ametista,Topázio,Ametista,7.675,247,14,2,4,Avaliador-6,Promovido de Fase + Bolsa,Avaliador-27,Mantido na Fase atual,Avaliador-24,Mantido na Fase + Bolsa,Avaliador-31,Promovido de Fase + Bolsa,9.2,9.2,5.0,Requer avaliação,6.0,5.5,5.2,7.3,Não,Não,7.458,10.0,Fase 4 (9º ano),1,Destaque: A sua boa entrega das lições de casa.,Melhorar: Empenhar-se mais nas aulas e avaliações.,Melhorar: Integrar-se mais aos Princípios Passos Mágicos.,4.0,-1.0,False,4
RA-85,5,K,Aluno-85,2007,15,Menino,2022,Escola Pública,,,Ágata,6.243,697,43,10,4,Avaliador-6,Promovido de Fase,Avaliador-27,Mantido na Fase atual,Avaliador-24,Promovido de Fase,Avaliador-31,Mantido na Fase atual,6.7,7.3,5.0,Requer avaliação,4.3,5.0,3.5,,Não,Não,5.833,10.0,Fase 5 (1º EM),0,Melhorar: Melhorar a sua entrega de lições de casa.,Melhorar: Empenhar-se mais nas aulas e avaliações.,Melhorar: Integrar-se mais aos Princípios Passos Mágicos.,5.0,0.0,False,4
RA-87,5,K,Aluno-87,2007,15,Menino,2021,Rede Decisão,,Ametista,Topázio,8.712,15,6,1,4,Avaliador-6,Promovido de Fase + Bolsa,Avaliador-27,Mantido na Fase atual,Avaliador-24,Promovido de Fase + Bolsa,Avaliador-31,Promovido de Fase + Bolsa,8.3,9.6,7.5,Não atendido,8.8,8.3,8.0,10.0,Não,Sim,8.5,10.0,Fase 5 (1º EM),0,Destaque: A sua boa entrega das lições de casa.,Destaque: As suas boas notas na Passos Mágicos.,Destaque: A sua boa integração aos Princípios Passos Mágicos.,5.0,0.0,True,4
RA-90,5,L,Aluno-90,2009,13,Menina,2019,Rede Decisão,Topázio,Topázio,Topázio,9.442,1,1,1,4,Avaliador-5,Promovido de Fase,Avaliador-27,Mantido na Fase atual,Avaliador-24,Mantido na Fase + Bolsa,Avaliador-31,Promovido de Fase + Bolsa,10.0,9.7,9.4,Sem limitações,8.5,7.7,8.0,9.8,Não,Sim,9.75,10.0,Fase 3 (7º e 8º ano),2,Destaque: A sua boa entrega das lições de casa.,Destaque: As suas boas notas na Passos Mágicos.,Destaque: A sua boa integração aos Princípios Passos Mágicos.,3.0,-2.0,True,4
RA-93,5,L,Aluno-93,2007,15,Menina,2016,Rede Decisão,Ametista,Topázio,Topázio,8.941,6,4,3,4,Avaliador-5,Promovido de Fase,Avaliador-27,Mantido na Fase atual,Avaliador-24,Mantido na Fase + Bolsa,Avaliador-31,Promovido de Fase + Bolsa,8.3,9.7,8.1,Sem limitações,8.5,8.8,8.3,8.4,Não,Sim,9.083,10.0,Fase 5 (1º EM),0,Destaque: A sua boa entrega das lições de casa.,Destaque: As suas boas notas na Passos Mágicos.,Destaque: A sua boa integração aos Princípios Passos Mágicos.,5.0,0.0,True,4
RA-94,5,L,Aluno-94,2007,15,Menina,2018,Rede Decisão,Ametista,Topázio,Topázio,8.921,7,5,4,4,Avaliador-5,Promovido de Fase,Avaliador-27,Mantido na Fase atual,Avaliador-24,Mantido na Fase + Bolsa,Avaliador-31,Promovido de Fase + Bolsa,8.3,9.6,8.1,Sem limitações,7.7,7.0,6.7,9.5,Não,Sim,9.583,10.0,Fase 5 (1º EM),0,Destaque: A sua boa entrega das lições de casa.,Destaque: As suas boas notas na Passos Mágicos.,Destaque: A sua boa integração aos Princípios Passos Mágicos.,5.0,0.0,True,4
RA-97,5,L,Aluno-97,2007,15,Menina,2017,Rede Decisão,Ametista,Ágata,Ametista,7.468,328,22,6,4,Avaliador-5,Promovido de Fase,Avaliador-27,Mantido na Fase atual,Avaliador-24,Mantido na Fase + Bolsa,Avaliador-31,Mantido na Fase + Bolsa,7.5,8.8,5.0,Não indicado,6.9,5.3,6.7,8.8,Não,Não,6.292,10.0,Fase 5 (1º EM),0,Destaque: A sua boa entrega das lições de casa.,Melhorar: Empenhar-se mais nas aulas e avaliações.,Melhorar: Integrar-se mais aos Princípios Passos Mágicos.,5.0,0.0,False,4
RA-98,5,L,Aluno-98,2007,15,Menina,2017,Rede Decisão,Topázio,Topázio,Topázio,9.354,2,2,2,4,Avaliador-5,Promovido de Fase,Avaliador-27,Mantido na Fase atual,Avaliador-24,Mantido na Fase + Bolsa,Avaliador-31,Promovido de Fase + Bolsa,8.8,10.0,9.4,Sem limitações,8.5,8.4,8.2,8.9,Não,Sim,9.667,10.0,Fase 5 (1º EM),0,Destaque: A sua boa entrega das lições de casa.,Destaque: As suas boas notas na Passos Mágicos.,Destaque: A sua boa integração aos Princípios Passos Mágicos.,5.0,0.0,True,4
RA-100,4,A,Aluno-100,2009,13,Menina,2019,Rede Decisão,Ametista,Topázio,Ametista,7.618,268,22,7,4,Avaliador-6,Promovido de Fase,Avaliador-27,Mantido na Fase atual,Avaliador-30,Promovido de Fase,Avaliador-31,Promovido de Fase + Bolsa,8.8,7.8,5.0,Não indicado,7.6,7.0,7.8,8.1,Não,Não,7.25,10.0,Fase 3 (7º e 8º ano),1,Destaque: A sua boa entrega das lições de casa.,Destaque: As suas boas notas na Passos Mágicos.,Melhorar: Integrar-se mais aos Princípios Passos Mágicos.,3.0,-1.0,False,4
RA-102,4,A,Aluno-102,2008,14,Menino,2019,Escola Pública,Ametista,Ametista,Ágata,6.922,519,43,9,4,Avaliador-6,Promovido de Fase,Avaliador-27,Mantido na Fase atual,Avaliador-30,Mantido na Fase atual,Avaliador-31,Promovido de Fase,6.7,7.7,6.9,Requer avaliação,5.7,4.7,6.8,5.5,Não,Não,6.0,10.0,Fase 4 (9º ano),0,Destaque: A sua boa entrega das lições de casa.,Melhorar: Empenhar-se mais nas aulas e avaliações.,Melhorar: Integrar-se mais aos Princípios Passos Mágicos.,4.0,0.0,False,4
RA-103,4,A,Aluno-103,2009,13,Menina,2020,Rede Decisão,Ágata,Ametista,Topázio,8.107,114,11,4,4,Avaliador-6,Promovido de Fase + Bolsa,Avaliador-27,Mantido na Fase atual,Avaliador-30,Promovido de Fase,Avaliador-31,Promovido de Fase + Bolsa,7.9,8.7,7.5,Não atendido,7.3,7.3,7.3,7.3,Não,Não,7.708,10.0,Fase 3 (7º e 8º ano),1,Destaque: A sua boa entrega das lições de casa.,Melhorar: Empenhar-se mais nas aulas e avaliações.,Destaque: A sua boa integração aos Princípios Passos Mágicos.,3.0,-1.0,False,4
RA-110,4,A,Aluno-110,2008,14,Menino,2017,Rede Decisão,Ametista,Topázio,Topázio,8.15,100,10,3,4,Avaliador-6,Promovido de Fase + Bolsa,Avaliador-27,Mantido na Fase atual,Avaliador-30,Mantido na Fase atual,Avaliador-31,Promovido de Fase + Bolsa,9.2,9.7,5.6,Requer avaliação,6.7,8.3,5.7,6.0,Não,Não,8.0,10.0,Fase 4 (9º ano),0,Destaque: A sua boa entrega das lições de casa.,Melhorar: Empenhar-se mais nas aulas e avaliações.,Destaque: A sua boa integração aos Princípios Passos Mágicos.,4.0,0.0,False,4
RA-111,4,A,Aluno-111,2009,13,Menina,2020,Rede Decisão,Ametista,Topázio,Topázio,8.646,22,2,1,4,Avaliador-6,Promovido de Fase + Bolsa,Avaliador-27,Mantido na Fase atual,Avaliador-30,Promovido de Fase,Avaliador-31,Promovido de Fase + Bolsa,7.5,9.4,8.1,Sem limitações,8.0,6.7,7.5,9.7,Não,Sim,8.667,10.0,Fase 3 (7º e 8º ano),1,Destaque: A sua boa entrega das lições de casa.,Destaque: As suas boas notas na Passos Mágicos.,Destaque: A sua boa integração aos Princípios Passos Mágicos.,3.0,-1.0,True,4
RA-118,4,B,Aluno-118,2008,14,Menina,2021,Escola Pública,,Ametista,Quartzo,5.597,775,70,12,4,Avaliador-6,Promovido de Fase,Avaliador-27,Mantido na Fase atual,Avaliador-30,Mantido na Fase atual,Avaliador-31,Promovido de Fase,0.0,5.3,6.3,Sem limitações,3.9,3.7,4.7,3.5,Não,Não,6.958,10.0,Fase 4 (9º ano),0,Melhorar: Melhorar a sua entrega de lições de casa.,Melhorar: Empenhar-se mais nas aulas e avaliações.,Melhorar: Integrar-se mais aos Princípios Passos Mágicos.,4.0,0.0,False,4
RA-119,4,B,Aluno-119,2008,14,Menina,2016,Rede Decisão,Ametista,Ágata,Ametista,7.501,311,26,3,4,Avaliador-6,Promovido de Fase,Avaliador-27,Mantido na Fase atual,Avaliador-30,Promovido de Fase,Avaliador-31,Promovido de Fase + Bolsa,8.3,8.2,5.6,Requer avaliação,5.4,5.7,7.0,3.4,Não,Não,7.875,10.0,Fase 4 (9º ano),0,Destaque: A sua boa entrega das lições de casa.,Melhorar: Empenhar-se mais nas aulas e avaliações.,Destaque: A sua boa integração aos Princípios Passos Mágicos.,4.0,0.0,False,4
RA-124,4,B,Aluno-124,2008,14,Menino,2016,Rede Decisão,Ametista,Ametista,Ametista,7.388,365,29,4,4,Avaliador-6,Promovido de Fase + Bolsa,Avaliador-27,Mantido na Fase atual,Avaliador-30,Promovido de Fase,Avaliador-31,Promovido de Fase,7.9,7.8,5.0,Requer avaliação,6.7,5.7,7.0,7.5,Não,Não,7.167,10.0,Fase 4 (9º ano),0,Destaque: A sua boa entrega das lições de casa.,Melhorar: Empenhar-se mais nas aulas e avaliações.,Melhorar: Integrar-se mais aos Princípios Passos Mágicos.,4.0,0.0,False,4
RA-127,4,B,Aluno-127,2008,14,Menina,2022,Escola Pública,,,Topázio,8.283,63,7,1,4,Avaliador-6,Promovido de Fase + Bolsa,Avaliador-27,Mantido na Fase atual,Avaliador-30,Promovido de Fase,Avaliador-31,Promovido de Fase + Bolsa,7.5,8.7,7.5,Não atendido,7.9,7.7,7.7,8.3,Sim,Não,8.125,10.0,Fase 4 (9º ano),0,Destaque: A sua boa entrega das lições de casa.,Destaque: As suas boas notas na Passos Mágicos.,Destaque: A sua boa integração aos Princípios Passos Mágicos.,4.0,0.0,False,4
RA-132,4,F,Aluno-132,2008,14,Menina,2019,Rede Decisão,Topázio,Ametista,Topázio,8.355,53,5,2,4,Avaliador-6,Promovido de Fase + Bolsa,Avaliador-27,Promovido de Fase,Avaliador-30,Promovido de Fase,Avaliador-31,Promovido de Fase + Bolsa,10.0,8.8,5.6,Sem limitações,7.7,6.5,7.5,9.1,Não,Sim,8.458,10.0,Fase 4 (9º ano),0,Destaque: A sua boa entrega das lições de casa.,Destaque: As suas boas notas na Passos Mágicos.,Destaque: A sua boa integração aos Princípios Passos Mágicos.,4.0,0.0,True,4
RA-140,4,F,Aluno-140,2008,14,Menina,2021,Escola Pública,,Ametista,Ametista,7.407,358,28,6,4,Avaliador-6,Promovido de Fase + Bolsa,Avaliador-27,Promovido de Fase + Bolsa,Avaliador-30,Promovido de Fase + Bolsa,Avaliador-31,Promovido de Fase,7.9,7.6,6.9,Não atendido,5.7,5.0,6.5,5.6,Sim,Não,7.667,10.0,Fase 4 (9º ano),0,Destaque: A sua boa entrega das lições de casa.,Melhorar: Empenhar-se mais nas aulas e avaliações.,Destaque: A sua boa integração aos Princípios Passos Mágicos.,4.0,0.0,False,4
RA-141,4,F,Aluno-141,2008,14,Menino,2017,Escola Pública,Ágata,Ágata,Ametista,7.118,450,36,8,4,Avaliador-6,Promovido de Fase,Avaliador-27,Mantido na Fase atual,Avaliador-30,Mantido na Fase atual,Avaliador-31,Promovido de Fase,9.2,8.2,5.6,Requer avaliação,5.7,5.8,6.2,5.0,Não,Não,5.917,10.0,Fase 4 (9º ano),0,Destaque: A sua boa entrega das lições de casa.,Melhorar: Empenhar-se mais nas aulas e avaliações.,Melhorar: Integrar-se mais aos Princípios Passos Mágicos.,4.0,0.0,False,4
RA-142,4,F,Aluno-142,2008,14,Menina,2021,Escola Pública,,Ágata,Ametista,7.457,332,27,5,4,Avaliador-6,Promovido de Fase,Avaliador-27,Mantido na Fase atual,Avaliador-30,Mantido na Fase atual,Avaliador-31,Promovido de Fase,6.7,8.6,5.6,Requer avaliação,6.3,6.0,6.8,6.0,Não,Não,7.583,10.0,Fase 4 (9º ano),0,Destaque: A sua boa entrega das lições de casa.,Melhorar: Empenhar-se mais nas aulas e avaliações.,Destaque: A sua boa integração aos Princípios Passos Mágicos.,4.0,0.0,False,4
RA-143,4,F,Aluno-143,2009,13,Menino,2019,Rede Decisão,Topázio,Topázio,Topázio,8.638,24,3,1,4,Avaliador-6,Promovido de Fase + Bolsa,Avaliador-27,Promovido de Fase,Avaliador-30,Promovido de Fase,Avaliador-31,Promovido de Fase + Bolsa,8.3,9.9,5.6,Sem limitações,7.9,9.7,7.7,6.4,Não,Sim,9.5,10.0,Fase 3 (7º e 8º ano),1,Destaque: A sua boa entrega das lições de casa.,Destaque: As suas boas notas na Passos Mágicos.,Destaque: A sua boa integração aos Princípios Passos Mágicos.,3.0,-1.0,True,4
RA-144,4,F,Aluno-144,2008,14,Menina,2017,Rede Decisão,Ágata,Quartzo,Topázio,8.181,89,9,3,4,Avaliador-6,Promovido de Fase + Bolsa,Avaliador-27,Mantido na Fase atual,Avaliador-30,Promovido de Fase,Avaliador-31,Promovido de Fase + Bolsa,7.5,9.3,5.0,Requer avaliação,7.9,7.5,7.2,9.0,Não,Não,8.292,10.0,Fase 4 (9º ano),0,Destaque: A sua boa entrega das lições de casa.,Destaque: As suas boas notas na Passos Mágicos.,Destaque: A sua boa integração aos Princípios Passos Mágicos.,4.0,0.0,False,4
RA-147,4,H,Aluno-147,2008,14,Menina,2022,Escola Pública,,,Ametista,7.541,293,24,4,4,Avaliador-6,Promovido de Fase,Avaliador-27,Mantido na Fase atual,Avaliador-30,Promovido de Fase,Avaliador-31,Promovido de Fase,8.3,7.7,7.5,Não atendido,6.1,5.8,4.8,7.7,Não,Não,7.25,10.0,Fase 4 (9º ano),0,Destaque: A sua boa entrega das lições de casa.,Melhorar: Empenhar-se mais nas aulas e avaliações.,Melhorar: Integrar-se mais aos Princípios Passos Mágicos.,4.0,0.0,False,4
RA-148,4,H,Aluno-148,2008,14,Menino,2022,Escola Pública,,,Ametista,7.894,172,16,2,4,Avaliador-6,Promovido de Fase,Avaliador-27,Mantido na Fase atual,Avaliador-30,Promovido de Fase,Avaliador-31,Promovido de Fase + Bolsa,9.2,7.9,10.0,Sem limitações,5.3,4.7,6.3,5.0,Sim,Não,7.708,10.0,Fase 4 (9º ano),0,Destaque: A sua boa entrega das lições de casa.,Melhorar: Empenhar-se mais nas aulas e avaliações.,Destaque: A sua boa integração aos Princípios Passos Mágicos.,4.0,0.0,False,4
RA-153,4,L,Aluno-153,2008,14,Menina,2018,Rede Decisão,Ágata,Ametista,Ametista,7.535,297,25,5,4,Avaliador-6,Promovido de Fase + Bolsa,Avaliador-27,Mantido na Fase atual,Avaliador-30,Promovido de Fase,Avaliador-31,Promovido de Fase + Bolsa,7.9,8.2,5.0,Requer avaliação,6.6,3.3,7.7,8.8,Não,Não,7.708,10.0,Fase 4 (9º ano),0,Destaque: A sua boa entrega das lições de casa.,Melhorar: Empenhar-se mais nas aulas e avaliações.,Destaque: A sua boa integração aos Princípios Passos Mágicos.,4.0,0.0,False,4
RA-157,4,L,Aluno-157,2010,12,Menina,2018,Rede Decisão,Ametista,Topázio,Topázio,8.317,59,6,1,4,Avaliador-6,Promovido de Fase + Bolsa,Avaliador-27,Mantido na Fase atual,Avaliador-30,Promovido de Fase,Avaliador-31,Promovido de Fase + Bolsa,7.5,10.0,6.3,Requer avaliação,7.7,7.0,7.5,8.7,Não,Não,8.292,10.0,Fase 3 (7º e 8º ano),1,Destaque: A sua boa entrega das lições de casa.,Destaque: As suas boas notas na Passos Mágicos.,Destaque: A sua boa integração aos Princípios Passos Mágicos.,3.0,-1.0,False,4
RA-161,4,L,Aluno-161,2011,11,Menina,2018,Rede Decisão,Ametista,Ametista,Ametista,7.957,153,14,4,4,Avaliador-6,Promovido de Fase + Bolsa,Avaliador-27,Mantido na Fase atual,Avaliador-30,Promovido de Fase,Avaliador-31,Promovido de Fase + Bolsa,7.9,9.1,5.6,Requer avaliação,6.9,5.3,6.8,8.5,Não,Não,8.083,10.0,Fase 2 (5º e 6º ano),2,Destaque: A sua boa entrega das lições de casa.,Melhorar: Empenhar-se mais nas aulas e avaliações.,Destaque: A sua boa integração aos Princípios Passos Mágicos.,2.0,-2.0,False,4
RA-162,4,L,Aluno-162,2008,14,Menina,2021,Escola Pública,,Ágata,Ametista,7.215,423,34,8,4,Avaliador-6,Mantido na Fase atual,Avaliador-27,Mantido na Fase atual,Avaliador-30,Promovido de Fase,Avaliador-31,Promovido de Fase,6.7,8.5,7.5,Requer avaliação,5.5,4.7,5.5,6.4,Não,Não,6.542,10.0,Fase 4 (9º ano),0,Destaque: A sua boa entrega das lições de casa.,Melhorar: Empenhar-se mais nas aulas e avaliações.,Melhorar: Integrar-se mais aos Princípios Passos Mágicos.,4.0,0.0,False,4
RA-165,4,L,Aluno-165,2008,14,Menina,2017,Rede Decisão,Ametista,Ametista,Topázio,8.063,128,12,3,4,Avaliador-6,Promovido de Fase + Bolsa,Avaliador-27,Mantido na Fase atual,Avaliador-30,Promovido de Fase,Avaliador-31,Promovido de Fase + Bolsa,7.1,9.8,5.6,Sem limitações,7.6,5.3,7.8,9.7,Não,Não,7.5,10.0,Fase 4 (9º ano),0,Destaque: A sua boa entrega das lições de casa.,Destaque: As suas boas notas na Passos Mágicos.,Destaque: A sua boa integração aos Princípios Passos Mágicos.,4.0,0.0,False,4
RA-166,4,L,Aluno-166,2008,14,Menino,2020,Escola Pública,Ametista,Ametista,Topázio,8.253,73,8,2,4,Avaliador-6,Promovido de Fase + Bolsa,Avaliador-27,Mantido na Fase atual,Avaliador-30,Promovido de Fase,Avaliador-31,Promovido de Fase + Bolsa,9.2,9.0,6.3,Sem limitações,8.1,7.0,7.2,10.0,Sim,Não,7.542,10.0,Fase 4 (9º ano),0,Destaque: A sua boa entrega das lições de casa.,Destaque: As suas boas notas na Passos Mágicos.,Destaque: A sua boa integração aos Princípios Passos Mágicos.,4.0,0.0,False,4
RA-170,4,P,Aluno-170,2008,14,Menina,2018,Rede Decisão,Ametista,Ametista,Ágata,7.007,484,40,4,4,Avaliador-6,Mantido na Fase atual,Avaliador-27,Mantido na Fase atual,Avaliador-30,Promovido de Fase,Avaliador-31,Promovido de Fase,8.3,9.2,5.6,Requer avaliação,4.9,3.7,6.7,4.3,Não,Não,5.792,10.0,Fase 4 (9º ano),0,Destaque: A sua boa entrega das lições de casa.,Melhorar: Empenhar-se mais nas aulas e avaliações.,Melhorar: Integrar-se mais aos Princípios Passos Mágicos.,4.0,0.0,False,4
RA-172,4,P,Aluno-172,2008,14,Menina,2018,Rede Decisão,Ametista,Topázio,Topázio,8.673,18,1,1,4,Avaliador-6,Promovido de Fase + Bolsa,Avaliador-27,Mantido na Fase atual,Avaliador-30,Promovido de Fase,Avaliador-31,Promovido de Fase + Bolsa,9.2,8.9,9.4,Sem limitações,7.3,6.0,7.7,8.1,Não,Sim,8.917,10.0,Fase 4 (9º ano),0,Destaque: A sua boa entrega das lições de casa.,Melhorar: Empenhar-se mais nas aulas e avaliações.,Destaque: A sua boa integração aos Princípios Passos Mágicos.,4.0,0.0,True,4
RA-176,3,A,Aluno-176,2009,13,Menina,2018,Rede Decisão,Topázio,Ametista,Topázio,8.427,44,12,4,4,Avaliador-6,Promovido de Fase + Bolsa,Avaliador-27,Promovido de Fase,Avaliador-30,Promovido de Fase,Avaliador-31,Promovido de Fase + Bolsa,9.6,9.1,5.6,Requer avaliação,6.9,5.1,6.8,8.7,Não,Sim,9.083,10.0,Fase 3 (7º e 8º ano),0,Destaque: A sua boa entrega das lições de casa.,Melhorar: Empenhar-se mais nas aulas e avaliações.,Destaque: A sua boa integração aos Princípios Passos Mágicos.,3.0,0.0,True,4
RA-177,3,A,Aluno-177,2009,13,Menina,2022,Escola Pública,,,Ametista,7.424,347,40,9,4,Avaliador-6,Promovido de Fase,Avaliador-27,Mantido na Fase atual,Avaliador-30,Promovido de Fase,Avaliador-31,Mantido na Fase atual,7.9,8.8,4.4,Requer avaliação,6.8,6.0,7.5,,Não,Não,6.958,10.0,Fase 3 (7º e 8º ano),0,Destaque: A sua boa entrega das lições de casa.,Melhorar: Empenhar-se mais nas aulas e avaliações.,Melhorar: Integrar-se mais aos Princípios Passos Mágicos.,3.0,0.0,False,4
RA-178,3,A,Aluno-178,2009,13,Menina,2016,Rede Decisão,Ametista,Ametista,Ágata,7.025,481,61,13,4,Avaliador-6,Promovido de Fase + Bolsa,Avaliador-27,Promovido de Fase,Avaliador-30,Promovido de Fase,Avaliador-31,Promovido de Fase + Bolsa,0.0,8.8,4.4,Requer avaliação,6.3,6.2,5.3,7.3,Não,Sim,8.458,10.0,Fase 3 (7º e 8º ano),0,Destaque: A sua boa entrega das lições de casa.,Melhorar: Empenhar-se mais nas aulas e avaliações.,Destaque: A sua boa integração aos Princípios Passos Mágicos.,3.0,0.0,True,4
RA-179,3,A,Aluno-179,2010,12,Menino,2022,Escola Pública,,,Ametista,7.993,145,22,5,4,Avaliador-6,Promovido de Fase + Bolsa,Avaliador-27,Promovido de Fase,Avaliador-30,Promovido de Fase,Avaliador-31,Promovido de Fase + Bolsa,7.5,9.2,7.5,Sem limitações,6.1,3.7,6.7,8.0,Sim,Não,8.042,10.0,Fase 3 (7º e 8º ano),0,Destaque: A sua boa entrega das lições de casa.,Melhorar: Empenhar-se mais nas aulas e avaliações.,Destaque: A sua boa integração aos Princípios Passos Mágicos.,3.0,0.0,False,4
RA-180,3,A,Aluno-180,2010,12,Menino,2018,Rede Decisão,Topázio,Topázio,Topázio,8.442,42,11,3,4,Avaliador-6,Promovido de Fase + Bolsa,Avaliador-27,Promovido de Fase,Avaliador-30,Promovido de Fase,Avaliador-31,Promovido de Fase + Bolsa,9.2,8.3,6.3,Requer avaliação,8.1,7.7,8.3,8.3,Não,Sim,8.625,10.0,Fase 3 (7º e 8º ano),0,Destaque: A sua boa entrega das lições de casa.,Destaque: As suas boas notas na Passos Mágicos.,Destaque: A sua boa integração aos Princípios Passos Mágicos.,3.0,0.0,True,4
RA-181,3,A,Aluno-181,2009,13,Menina,2019,Rede Decisão,Topázio,Ametista,Topázio,8.623,25,6,2,4,Avaliador-6,Promovido de Fase + Bolsa,Avaliador-27,Promovido de Fase,Avaliador-30,Promovido de Fase,Avaliador-31,Promovido de Fase,9.2,9.5,8.8,Não atendido,6.8,6.8,7.3,6.2,Não,Sim,8.458,10.0,Fase 3 (7º e 8º ano),0,Destaque: A sua boa entrega das lições de casa.,Melhorar: Empenhar-se mais nas aulas e avaliações.,Destaque: A sua boa integração aos Princípios Passos Mágicos.,3.0,0.0,True,4
RA-183,3,A,Aluno-183,2009,13,Menina,2022,Escola Pública,,,Ametista,7.3,394,46,11,4,Avaliador-6,Promovido de Fase,Avaliador-27,Promovido de Fase,Avaliador-30,Mantido na Fase atual,Avaliador-31,Promovido de Fase,8.3,8.8,7.5,Não atendido,3.8,0.0,7.5,,Não,Não,7.25,10.0,Fase 3 (7º e 8º ano),0,Destaque: A sua boa entrega das lições de casa.,Melhorar: Empenhar-se mais nas aulas e avaliações.,Melhorar: Integrar-se mais aos Princípios Passos Mágicos.,3.0,0.0,False,4
RA-186,3,A,Aluno-186,2009,13,Menina,2019,Escola Pública,Ametista,Ametista,Ametista,7.832,192,29,7,4,Avaliador-6,Promovido de Fase,Avaliador-27,Promovido de Fase,Avaliador-30,Promovido de Fase,Avaliador-31,Promovido de Fase + Bolsa,8.3,8.5,7.5,Não atendido,6.6,6.0,5.7,8.0,Sim,Não,7.5,10.0,Fase 3 (7º e 8º ano),0,Destaque: A sua boa entrega das lições de casa.,Melhorar: Empenhar-se mais nas aulas e avaliações.,Melhorar: Integrar-se mais aos Princípios Passos Mágicos.,3.0,0.0,False,4
RA-187,3,A,Aluno-187,2010,12,Menina,2019,Rede Decisão,Ametista,Topázio,Ametista,7.928,161,25,6,4,Avaliador-6,Promovido de Fase + Bolsa,Avaliador-27,Promovido de Fase,Avaliador-30,Promovido de Fase,Avaliador-31,Promovido de Fase + Bolsa,8.8,8.9,7.5,Não atendido,5.8,5.3,7.2,4.8,Não,Não,7.917,10.0,Fase 3 (7º e 8º ano),0,Destaque: A sua boa entrega das lições de casa.,Melhorar: Empenhar-se mais nas aulas e avaliações.,Destaque: A sua boa integração aos Princípios Passos Mágicos.,3.0,0.0,False,4
RA-190,3,A,Aluno-190,2009,13,Menina,2022,Escola Pública,,,Ametista,7.335,380,44,10,4,Avaliador-6,Promovido de Fase,Avaliador-27,Promovido de Fase,Avaliador-30,Mantido na Fase atual,Avaliador-31,Mantido na Fase atual,6.7,6.9,8.8,Não atendido,6.3,5.0,7.5,,Não,Não,7.25,10.0,Fase 3 (7º e 8º ano),0,Melhorar: Melhorar a sua entrega de lições de casa.,Melhorar: Empenhar-se mais nas aulas e avaliações.,Melhorar: Integrar-se mais aos Princípios Passos Mágicos.,3.0,0.0,False,4
RA-191,3,A,Aluno-191,2009,13,Menino,2019,Rede Decisão,Topázio,Topázio,Topázio,8.74,13,2,1,4,Avaliador-6,Promovido de Fase + Bolsa,Avaliador-27,Promovido de Fase,Avaliador-30,Promovido de Fase,Avaliador-31,Promovido de Fase + Bolsa,10.0,9.4,8.8,Não atendido,7.2,8.0,7.2,6.3,Não,Sim,8.5,10.0,Fase 3 (7º e 8º ano),0,Destaque: A sua boa entrega das lições de casa.,Melhorar: Empenhar-se mais nas aulas e avaliações.,Destaque: A sua boa integração aos Princípios Passos Mágicos.,3.0,0.0,True,4
RA-193,3,B,Aluno-193,2010,12,Menino,2016,Rede Decisão,Topázio,Topázio,Topázio,8.155,95,16,2,4,Avaliador-6,Promovido de Fase + Bolsa,Avaliador-27,Promovido de Fase,Avaliador-30,Promovido de Fase,Avaliador-31,Promovido de Fase + Bolsa,9.2,8.9,5.6,Sem limitações,6.7,5.0,6.3,8.7,Não,Sim,8.5,10.0,Fase 3 (7º e 8º ano),0,Destaque: A sua boa entrega das lições de casa.,Melhorar: Empenhar-se mais nas aulas e avaliações.,Destaque: A sua boa integração aos Princípios Passos Mágicos.,3.0,0.0,True,4
RA-195,3,B,Aluno-195,2009,13,Menina,2017,Rede Decisão,Ametista,Ametista,Ametista,8.017,137,21,4,4,Avaliador-6,Promovido de Fase + Bolsa,Avaliador-27,Promovido de Fase,Avaliador-30,Promovido de Fase,Avaliador-31,Promovido de Fase + Bolsa,8.8,9.2,5.0,Requer avaliação,6.3,6.8,6.3,5.8,Não,Não,8.25,10.0,Fase 3 (7º e 8º ano),0,Destaque: A sua boa entrega das lições de casa.,Melhorar: Empenhar-se mais nas aulas e avaliações.,Destaque: A sua boa integração aos Princípios Passos Mágicos.,3.0,0.0,False,4
RA-196,3,B,Aluno-196,2010,12,Menino,2018,Rede Decisão,Ametista,Topázio,Topázio,8.124,106,17,3,4,Avaliador-6,Promovido de Fase + Bolsa,Avaliador-27,Promovido de Fase,Avaliador-30,Promovido de Fase,Avaliador-31,Promovido de Fase + Bolsa,9.2,9.1,7.5,Não atendido,5.1,4.0,6.0,5.3,Não,Sim,8.625,10.0,Fase 3 (7º e 8º ano),0,Destaque: A sua boa entrega das lições de casa.,Melhorar: Empenhar-se mais nas aulas e avaliações.,Destaque: A sua boa integração aos Princípios Passos Mágicos.,3.0,0.0,True,4
RA-197,3,B,Aluno-197,2009,13,Menina,2021,Rede Decisão,,Topázio,Topázio,8.218,82,15,1,4,Avaliador-6,Promovido de Fase + Bolsa,Avaliador-27,Promovido de Fase,Avaliador-30,Promovido de Fase,Avaliador-31,Promovido de Fase + Bolsa,8.8,9.7,4.4,Requer avaliação,7.3,6.0,7.5,8.3,Não,Não,8.292,10.0,Fase 3 (7º e 8º ano),0,Destaque: A sua boa entrega das lições de casa.,Melhorar: Empenhar-se mais nas aulas e avaliações.,Destaque: A sua boa integração aos Princípios Passos Mágicos.,3.0,0.0,False,4
RA-198,3,B,Aluno-198,2009,13,Menino,2017,Escola Pública,Ametista,Quartzo,Quartzo,5.554,782,117,11,4,Avaliador-6,Promovido de Fase,Avaliador-27,Mantido na Fase atual,Avaliador-30,Promovido de Fase,Avaliador-31,Mantido na Fase atual,0.0,6.2,5.0,Requer avaliação,4.6,5.2,5.8,2.8,Não,Não,5.958,10.0,Fase 3 (7º e 8º ano),0,Melhorar: Melhorar a sua entrega de lições de casa.,Melhorar: Empenhar-se mais nas aulas e avaliações.,Melhorar: Integrar-se mais aos Princípios Passos Mágicos.,3.0,0.0,False,4
RA-199,3,B,Aluno-199,2009,13,Menino,2022,Escola Pública,,,Ametista,7.564,287,34,5,4,Avaliador-6,Promovido de Fase,Avaliador-27,Mantido na Fase atual,Avaliador-30,Promovido de Fase,Avaliador-31,Promovido de Fase,8.3,7.1,7.5,Não atendido,7.5,5.7,7.8,9.0,Não,Não,6.458,10.0,Fase 3 (7º e 8º ano),0,Melhorar: Melhorar a sua entrega de lições de casa.,Destaque: As suas boas notas na Passos Mágicos.,Melhorar: Integrar-se mais aos Princípios Passos Mágicos.,3.0,0.0,False,4
RA-204,3,B,Aluno-204,2009,13,Menina,2019,Escola Pública,Ametista,Ametista,Ágata,6.943,509,64,8,4,Avaliador-6,Mantido na Fase atual,Avaliador-27,Mantido na Fase atual,Avaliador-30,Promovido de Fase,Avaliador-31,Promovido de Fase,7.9,6.7,4.4,Requer avaliação,7.4,5.3,8.5,8.5,Não,Não,5.708,10.0,Fase 3 (7º e 8º ano),0,Melhorar: Melhorar a sua entrega de lições de casa.,Melhorar: Empenhar-se mais nas aulas e avaliações.,Melhorar: Integrar-se mais aos Princípios Passos Mágicos.,3.0,0.0,False,4
RA-206,3,B,Aluno-206,2010,12,Menina,2022,Escola Pública,,,Ametista,7.101,455,56,6,4,Avaliador-6,Mantido na Fase atual,Avaliador-27,Mantido na Fase atual,Avaliador-30,Mantido na Fase atual,Avaliador-31,Mantido na Fase atual,8.3,8.8,7.5,Não atendido,5.0,4.0,6.0,,Não,Não,5.167,10.0,Fase 3 (7º e 8º ano),0,Destaque: A sua boa entrega das lições de casa.,Melhorar: Empenhar-se mais nas aulas e avaliações.,Melhorar: Integrar-se mais aos Princípios Passos Mágicos.,3.0,0.0,False,4
RA-211,3,C,Aluno-211,2009,13,Menino,2021,Escola Pública,,Topázio,Topázio,8.465,39,10,1,4,Avaliador-6,Promovido de Fase + Bolsa,Avaliador-27,Promovido de Fase + Bolsa,Avaliador-30,Promovido de Fase,Avaliador-31,Promovido de Fase + Bolsa,9.2,8.8,7.5,Não atendido,7.6,6.7,7.5,8.5,Sim,Sim,8.458,10.0,Fase 3 (7º e 8º ano),0,Destaque: A sua boa entrega das lições de casa.,Destaque: As suas boas notas na Passos Mágicos.,Destaque: A sua boa integração aos Princípios Passos Mágicos.,3.0,0.0,True,4
RA-213,3,C,Aluno-213,2009,13,Menino,2022,Escola Pública,,,Ametista,7.209,425,51,3,4,Avaliador-6,Mantido na Fase atual,Avaliador-27,Mantido na Fase atual,Avaliador-30,Mantido na Fase atual,Avaliador-31,Mantido na Fase atual,9.6,8.7,7.5,Não atendido,3.5,5.0,2.0,,Não,Não,6.833,10.0,Fase 3 (7º e 8º ano),0,Destaque: A sua boa entrega das lições de casa.,Melhorar: Empenhar-se mais nas aulas e avaliações.,Melhorar: Integrar-se mais aos Princípios Passos Mágicos.,3.0,0.0,False,4
RA-215,3,D,Aluno-215,2009,13,Menina,2021,Escola Pública,,Ágata,Ametista,7.172,442,53,3,4,Avaliador-6,Promovido de Fase,Avaliador-27,Mantido na Fase atual,Avaliador-30,Promovido de Fase,Avaliador-31,Promovido de Fase,6.7,5.8,7.5,Não atendido,7.8,5.7,7.7,10.0,Não,Não,6.542,10.0,Fase 3 (7º e 8º ano),0,Melhorar: Melhorar a sua entrega de lições de casa.,Destaque: As suas boas notas na Passos Mágicos.,Melhorar: Integrar-se mais aos Princípios Passos Mágicos.,3.0,0.0,False,4
RA-216,3,D,Aluno-216,2009,13,Menina,2018,Escola Pública,Ametista,Ágata,Ametista,7.502,310,35,1,4,Avaliador-6,Promovido de Fase,Avaliador-27,Mantido na Fase atual,Avaliador-30,Promovido de Fase,Avaliador-31,Promovido de Fase,7.9,8.5,7.5,Não atendido,7.0,5.3,6.5,9.2,Não,Não,5.583,10.0,Fase 3 (7º e 8º ano),0,Destaque: A sua boa entrega das lições de casa.,Melhorar: Empenhar-se mais nas aulas e avaliações.,Melhorar: Integrar-se mais aos Princípios Passos Mágicos.,3.0,0.0,False,4
RA-220,3,D,Aluno-220,2009,13,Menina,2022,Escola Pública,,,Ágata,7.028,479,60,4,4,Avaliador-6,Promovido de Fase + Bolsa,Avaliador-27,Mantido na Fase atual,Avaliador-30,Mantido na Fase atual,Avaliador-31,Mantido na Fase atual,0.0,8.1,7.5,Não atendido,6.5,6.8,6.8,5.8,Sim,Não,7.833,10.0,Fase 3 (7º e 8º ano),0,Destaque: A sua boa entrega das lições de casa.,Melhorar: Empenhar-se mais nas aulas e avaliações.,Destaque: A sua boa integração aos Princípios Passos Mágicos.,3.0,0.0,False,4
RA-227,3,E,Aluno-227,2010,12,Menino,2022,Escola Pública,,,Ágata,6.471,647,84,5,4,Avaliador-6,Promovido de Fase,Avaliador-27,Mantido na Fase atual,Avaliador-30,Mantido na Fase atual,Avaliador-31,Mantido na Fase atual,9.2,6.4,7.5,Não atendido,3.3,4.7,4.3,1.0,Não,Não,5.833,10.0,Fase 3 (7º e 8º ano),0,Melhorar: Melhorar a sua entrega de lições de casa.,Melhorar: Empenhar-se mais nas aulas e avaliações.,Melhorar: Integrar-se mais aos Princípios Passos Mágicos.,3.0,0.0,False,4
RA-229,3,E,Aluno-229,2010,12,Menino,2022,Escola Pública,,,Topázio,8.62,27,7,1,4,Avaliador-6,Promovido de Fase + Bolsa,Avaliador-27,Promovido de Fase + Bolsa,Avaliador-30,Promovido de Fase + Bolsa,Avaliador-31,Mantido na Fase atual,10.0,9.4,7.5,Não atendido,6.9,7.0,6.7,7.2,Sim,Sim,8.5,10.0,Fase 3 (7º e 8º ano),0,Destaque: A sua boa entrega das lições de casa.,Melhorar: Empenhar-se mais nas aulas e avaliações.,Destaque: A sua boa integração aos Princípios Passos Mágicos.,3.0,0.0,True,4
RA-234,3,E,Aluno-234,2009,13,Menino,2022,Escola Pública,,,Ágata,6.719,583,75,3,4,Avaliador-6,Mantido na Fase atual,Avaliador-27,Mantido na Fase atual,Avaliador-30,Mantido na Fase atual,Avaliador-31,Mantido na Fase atual,10.0,7.6,5.6,Sem limitações,4.3,3.7,6.3,2.8,Não,Não,5.583,10.0,Fase 3 (7º e 8º ano),0,Destaque: A sua boa entrega das lições de casa.,Melhorar: Empenhar-se mais nas aulas e avaliações.,Melhorar: Integrar-se mais aos Princípios Passos Mágicos.,3.0,0.0,False,4
RA-236,3,F,Aluno-236,2010,12,Menina,2022,Escola Pública,,,Ametista,7.11,452,55,9,4,Avaliador-6,Mantido na Fase atual,Avaliador-27,Mantido na Fase atual,Avaliador-30,Mantido na Fase atual,Avaliador-31,Promovido de Fase,9.6,7.5,7.5,Não atendido,3.7,4.0,4.0,3.0,Não,Não,7.208,10.0,Fase 3 (7º e 8º ano),0,Melhorar: Melhorar a sua entrega de lições de casa.,Melhorar: Empenhar-se mais nas aulas e avaliações.,Melhorar: Integrar-se mais aos Princípios Passos Mágicos.,3.0,0.0,False,4
RA-240,3,F,Aluno-240,2009,13,Menina,2017,Rede Decisão,Ametista,Ametista,Ágata,6.943,510,65,11,4,Avaliador-6,Promovido de Fase + Bolsa,Avaliador-27,Mantido na Fase atual,Avaliador-30,Promovido de Fase,Avaliador-31,Mantido na Fase atual,7.1,8.1,5.0,Requer avaliação,4.7,6.3,5.0,2.8,Não,Não,7.042,10.0,Fase 3 (7º e 8º ano),0,Destaque: A sua boa entrega das lições de casa.,Melhorar: Empenhar-se mais nas aulas e avaliações.,Melhorar: Integrar-se mais aos Princípios Passos Mágicos.,3.0,0.0,False,4
RA-242,3,F,Aluno-242,2009,13,Menino,2018,Rede Decisão,Ametista,Ametista,Topázio,8.673,19,3,1,4,Avaliador-6,Promovido de Fase + Bolsa,Avaliador-27,Mantido na Fase atual,Avaliador-30,Promovido de Fase,Avaliador-31,Promovido de Fase,9.6,9.7,5.6,Requer avaliação,8.2,8.7,7.2,8.7,Não,Sim,8.708,10.0,Fase 3 (7º e 8º ano),0,Destaque: A sua boa entrega das lições de casa.,Destaque: As suas boas notas na Passos Mágicos.,Destaque: A sua boa integração aos Princípios Passos Mágicos.,3.0,0.0,True,4
RA-244,3,F,Aluno-244,2010,12,Menina,2018,Rede Decisão,Topázio,Topázio,Topázio,8.51,34,8,4,4,Avaliador-6,Promovido de Fase + Bolsa,Avaliador-27,Mantido na Fase atual,Avaliador-30,Promovido de Fase,Avaliador-31,Promovido de Fase + Bolsa,7.5,9.4,6.3,Requer avaliação,7.8,6.7,8.0,8.7,Não,Sim,9.208,10.0,Fase 3 (7º e 8º ano),0,Destaque: A sua boa entrega das lições de casa.,Destaque: As suas boas notas na Passos Mágicos.,Destaque: A sua boa integração aos Princípios Passos Mágicos.,3.0,0.0,True,4
RA-246,3,F,Aluno-246,2009,13,Menino,2022,Escola Pública,,,Topázio,8.639,23,5,3,4,Avaliador-6,Promovido de Fase + Bolsa,Avaliador-27,Mantido na Fase atual,Avaliador-30,Promovido de Fase,Avaliador-31,Promovido de Fase + Bolsa,8.3,9.4,7.5,Não atendido,7.6,8.0,6.7,8.0,Sim,Sim,9.167,10.0,Fase 3 (7º e 8º ano),0,Destaque: A sua boa entrega das lições de casa.,Destaque: As suas boas notas na Passos Mágicos.,Destaque: A sua boa integração aos Princípios Passos Mágicos.,3.0,0.0,True,4
RA-247,3,F,Aluno-247,2009,13,Menina,2021,Escola Pública,,Ágata,Ametista,7.72,230,32,7,4,Avaliador-6,Promovido de Fase + Bolsa,Avaliador-27,Mantido na Fase atual,Avaliador-30,Promovido de Fase,Avaliador-31,Promovido de Fase,8.3,8.2,7.5,Não atendido,5.8,5.3,5.7,6.3,Sim,Não,7.875,10.0,Fase 3 (7º e 8º ano),0,Destaque: A sua boa entrega das lições de casa.,Melhorar: Empenhar-se mais nas aulas e avaliações.,Destaque: A sua boa integração aos Princípios Passos Mágicos.,3.0,0.0,False,4
RA-248,3,F,Aluno-248,2009,13,Menino,2022,Escola Pública,,,Ametista,7.429,343,39,8,4,Avaliador-6,Mantido na Fase atual,Avaliador-27,Mantido na Fase atual,Avaliador-30,Mantido na Fase atual,Avaliador-31,Promovido de Fase,9.2,7.6,7.5,Não atendido,5.2,4.0,5.5,6.0,Não,Não,7.292,10.0,Fase 3 (7º e 8º ano),0,Destaque: A sua boa entrega das lições de casa.,Melhorar: Empenhar-se mais nas aulas e avaliações.,Melhorar: Integrar-se mais aos Princípios Passos Mágicos.,3.0,0.0,False,4
RA-250,3,G,Aluno-250,2010,12,Menina,2022,Escola Pública,,,Ametista,7.958,152,23,1,4,Avaliador-6,Promovido de Fase + Bolsa,Avaliador-27,Mantido na Fase atual,Avaliador-30,Mantido na Fase atual,Avaliador-31,Mantido na Fase atual,8.3,8.6,7.5,Não atendido,6.6,6.7,6.5,6.7,Sim,Não,7.625,10.0,Fase 3 (7º e 8º ano),0,Destaque: A sua boa entrega das lições de casa.,Melhorar: Empenhar-se mais nas aulas e avaliações.,Destaque: A sua boa integração aos Princípios Passos Mágicos.,3.0,0.0,False,4
RA-256,3,G,Aluno-256,2010,12,Menina,2019,Escola Pública,Ametista,Ametista,Ametista,7.192,433,52,3,4,Avaliador-6,Promovido de Fase,Avaliador-27,Mantido na Fase atual,Avaliador-30,Promovido de Fase,Avaliador-31,Mantido na Fase atual,8.8,8.5,5.0,Requer avaliação,5.2,5.3,6.7,3.5,Não,Não,6.708,10.0,Fase 3 (7º e 8º ano),0,Destaque: A sua boa entrega das lições de casa.,Melhorar: Empenhar-se mais nas aulas e avaliações.,Melhorar: Integrar-se mais aos Princípios Passos Mágicos.,3.0,0.0,False,4
RA-258,3,G,Aluno-258,2010,12,Menina,2018,Escola Pública,Ametista,Topázio,Ágata,6.926,517,67,5,4,Avaliador-6,Mantido na Fase atual,Avaliador-27,Mantido na Fase atual,Avaliador-30,Promovido de Fase,Avaliador-31,Mantido na Fase atual,10.0,7.3,5.6,Sem limitações,4.8,2.7,6.2,5.5,Não,Não,6.125,10.0,Fase 3 (7º e 8º ano),0,Melhorar: Melhorar a sua entrega de lições de casa.,Melhorar: Empenhar-se mais nas aulas e avaliações.,Melhorar: Integrar-se mais aos Princípios Passos Mágicos.,3.0,0.0,False,4
RA-260,3,G,Aluno-260,2009,13,Menina,2019,Escola Pública,Topázio,Ametista,Ametista,7.44,340,38,2,4,Avaliador-6,Mantido na Fase atual,Avaliador-27,Mantido na Fase atual,Avaliador-30,Mantido na Fase atual,Avaliador-31,Mantido na Fase atual,10.0,8.2,7.5,Não atendido,5.0,5.7,5.2,4.2,Não,Não,6.458,10.0,Fase 3 (7º e 8º ano),0,Destaque: A sua boa entrega das lições de casa.,Melhorar: Empenhar-se mais nas aulas e avaliações.,Melhorar: Integrar-se mais aos Princípios Passos Mágicos.,3.0,0.0,False,4
RA-265,3,I,Aluno-265,2009,13,Menino,2019,Escola Pública,Ametista,Ametista,Ametista,7.926,162,26,1,4,Avaliador-6,Promovido de Fase + Bolsa,Avaliador-27,Mantido na Fase atual,Avaliador-30,Promovido de Fase,Avaliador-31,Mantido na Fase + Bolsa,8.3,7.7,7.5,Não atendido,6.9,5.3,7.0,8.5,Sim,Não,7.917,10.0,Fase 3 (7º e 8º ano),0,Destaque: A sua boa entrega das lições de casa.,Melhorar: Empenhar-se mais nas aulas e avaliações.,Destaque: A sua boa integração aos Princípios Passos Mágicos.,3.0,0.0,False,4
RA-269,3,K,Aluno-269,2009,13,Menino,2022,Escola Pública,,,Topázio,8.231,76,13,2,4,Avaliador-6,Promovido de Fase,Avaliador-27,Mantido na Fase atual,Avaliador-30,Promovido de Fase,Avaliador-31,Promovido de Fase,9.2,8.6,6.3,Requer avaliação,8.9,8.7,9.5,8.5,Não,Não,7.25,10.0,Fase 3 (7º e 8º ano),0,Destaque: A sua boa entrega das lições de casa.,Destaque: As suas boas notas na Passos Mágicos.,Melhorar: Integrar-se mais aos Princípios Passos Mágicos.,3.0,0.0,False,4
RA-270,3,K,Aluno-270,2009,13,Menina,2019,Rede Decisão,Ametista,Topázio,Topázio,8.226,79,14,3,4,Avaliador-6,Promovido de Fase + Bolsa,Avaliador-27,Mantido na Fase atual,Avaliador-30,Promovido de Fase,Avaliador-31,Mantido na Fase + Bolsa,8.3,8.4,6.9,Não atendido,7.9,8.0,7.2,8.5,Não,Não,8.125,10.0,Fase 3 (7º e 8º ano),0,Destaque: A sua boa entrega das lições de casa.,Destaque: As suas boas notas na Passos Mágicos.,Destaque: A sua boa integração aos Princípios Passos Mágicos.,3.0,0.0,False,4
RA-274,3,K,Aluno-274,2011,11,Menina,2019,Rede Decisão,Ametista,Topázio,Ametista,7.946,157,24,5,4,Avaliador-6,Promovido de Fase + Bolsa,Avaliador-27,Mantido na Fase atual,Avaliador-30,Promovido de Fase,Avaliador-31,Alocado em Fase anterior,7.9,8.3,7.5,Não atendido,8.1,8.1,9.3,7.0,Não,Não,7.0,10.0,Fase 2 (5º e 6º ano),1,Destaque: A sua boa entrega das lições de casa.,Destaque: As suas boas notas na Passos Mágicos.,Melhorar: Integrar-se mais aos Princípios Passos Mágicos.,2.0,-1.0,False,4
RA-278,3,K,Aluno-278,2010,12,Menino,2018,Rede Decisão,Ametista,Topázio,Ametista,7.741,222,31,6,4,Avaliador-6,Promovido de Fase + Bolsa,Avaliador-27,Mantido na Fase atual,Avaliador-30,Promovido de Fase,Avaliador-31,Mantido na Fase + Bolsa,8.8,9.2,5.6,Requer avaliação,6.0,5.7,5.8,6.4,Não,Não,7.417,10.0,Fase 3 (7º e 8º ano),0,Destaque: A sua boa entrega das lições de casa.,Melhorar: Empenhar-se mais nas aulas e avaliações.,Melhorar: Integrar-se mais aos Princípios Passos Mágicos.,3.0,0.0,False,4
RA-279,3,K,Aluno-279,2009,13,Menino,2019,Rede Decisão,Topázio,Topázio,Topázio,8.815,10,1,1,4,Avaliador-6,Promovido de Fase + Bolsa,Avaliador-27,Mantido na Fase atual,Avaliador-30,Promovido de Fase,Avaliador-31,Mantido na Fase + Bolsa,9.2,9.9,6.3,Sem limitações,9.1,9.7,8.3,9.3,Não,Não,8.208,10.0,Fase 3 (7º e 8º ano),0,Destaque: A sua boa entrega das lições de casa.,Destaque: As suas boas notas na Passos Mágicos.,Destaque: A sua boa integração aos Princípios Passos Mágicos.,3.0,0.0,False,4
RA-280,3,K,Aluno-280,2009,13,Menina,2021,Rede Decisão,,Topázio,Ametista,8.046,133,20,4,4,Avaliador-6,Promovido de Fase + Bolsa,Avaliador-27,Mantido na Fase atual,Avaliador-30,Promovido de Fase,Avaliador-31,Promovido de Fase,7.5,9.2,7.5,Sem limitações,7.1,5.7,7.0,8.7,Não,Não,7.333,10.0,Fase 3 (7º e 8º ano),0,Destaque: A sua boa entrega das lições de casa.,Melhorar: Empenhar-se mais nas aulas e avaliações.,Melhorar: Integrar-se mais aos Princípios Passos Mágicos.,3.0,0.0,False,4
RA-281,3,K,Aluno-281,2009,13,Menina,2019,Escola Pública,Ametista,Ágata,Ágata,6.806,553,71,10,4,Avaliador-6,Mantido na Fase atual,Avaliador-27,Mantido na Fase atual,Avaliador-30,Mantido na Fase atual,Avaliador-31,Mantido na Fase atual,6.7,6.9,7.5,Sem limitações,5.9,5.0,6.8,6.0,Não,Não,5.625,10.0,Fase 3 (7º e 8º ano),0,Melhorar: Melhorar a sua entrega de lições de casa.,Melhorar: Empenhar-se mais nas aulas e avaliações.,Melhorar: Integrar-se mais aos Princípios Passos Mágicos.,3.0,0.0,False,4
RA-282,3,K,Aluno-282,2009,13,Menina,2019,Escola Pública,Ametista,Ágata,Ágata,6.618,620,80,13,4,Avaliador-6,Mantido na Fase atual,Avaliador-27,Mantido na Fase atual,Avaliador-30,Mantido na Fase atual,Avaliador-31,Mantido na Fase atual,8.8,6.8,7.5,Sem limitações,4.0,4.7,6.3,1.0,Não,Não,5.625,10.0,Fase 3 (7º e 8º ano),0,Melhorar: Melhorar a sua entrega de lições de casa.,Melhorar: Empenhar-se mais nas aulas e avaliações.,Melhorar: Integrar-se mais aos Princípios Passos Mágicos.,3.0,0.0,False,4
RA-291,3,L,Aluno-291,2009,13,Menino,2022,Escola Pública,,,Topázio,8.122,107,18,1,4,Avaliador-6,Promovido de Fase + Bolsa,Avaliador-27,Mantido na Fase atual,Avaliador-30,Promovido de Fase,Avaliador-31,Promovido de Fase,8.3,8.2,6.9,Sem limitações,8.0,8.0,7.5,8.5,Sim,Não,7.792,10.0,Fase 3 (7º e 8º ano),0,Destaque: A sua boa entrega das lições de casa.,Destaque: As suas boas notas na Passos Mágicos.,Destaque: A sua boa integração aos Princípios Passos Mágicos.,3.0,0.0,False,4
RA-297,3,M,Aluno-297,2009,13,Menina,2022,Escola Pública,,,Ametista,7.478,324,36,1,4,Avaliador-6,Promovido de Fase,Avaliador-27,Mantido na Fase atual,Avaliador-30,Promovido de Fase,Avaliador-31,Promovido de Fase + Bolsa,7.1,7.9,6.3,Sem limitações,6.6,6.3,5.3,8.2,Sim,Não,7.417,10.0,Fase 3 (7º e 8º ano),0,Destaque: A sua boa entrega das lições de casa.,Melhorar: Empenhar-se mais nas aulas e avaliações.,Melhorar: Integrar-se mais aos Princípios Passos Mágicos.,3.0,0.0,False,4
RA-298,3,M,Aluno-298,2009,13,Menino,2019,Escola Pública,Ametista,Ágata,Ágata,6.409,659,86,7,4,Avaliador-6,Promovido de Fase,Avaliador-27,Mantido na Fase atual,Avaliador-30,Mantido na Fase atual,Avaliador-31,Alocado em Fase anterior,9.2,6.3,5.6,Sem limitações,5.2,5.5,4.8,,Não,Não,5.417,10.0,Fase 3 (7º e 8º ano),0,Melhorar: Melhorar a sua entrega de lições de casa.,Melhorar: Empenhar-se mais nas aulas e avaliações.,Melhorar: Integrar-se mais aos Princípios Passos Mágicos.,3.0,0.0,False,4
RA-299,3,M,Aluno-299,2009,13,Menina,2019,Rede Decisão,Topázio,Ametista,Ametista,7.278,404,48,3,4,Avaliador-6,Promovido de Fase,Avaliador-27,Mantido na Fase atual,Avaliador-30,Promovido de Fase,Avaliador-31,Promovido de Fase + Bolsa,7.1,8.2,5.0,Requer avaliação,6.8,6.3,7.3,6.7,Não,Não,6.708,10.0,Fase 3 (7º e 8º ano),0,Destaque: A sua boa entrega das lições de casa.,Melhorar: Empenhar-se mais nas aulas e avaliações.,Melhorar: Integrar-se mais aos Princípios Passos Mágicos.,3.0,0.0,False,4
RA-301,3,M,Aluno-301,2009,13,Menina,2019,Escola Pública,Ametista,Ametista,Ágata,6.802,554,72,5,4,Avaliador-6,Promovido de Fase,Avaliador-27,Mantido na Fase atual,Avaliador-30,Promovido de Fase,Avaliador-31,Promovido de Fase + Bolsa,8.8,5.8,5.6,Sem limitações,6.3,6.5,7.2,5.4,Sim,Não,6.042,10.0,Fase 3 (7º e 8º ano),0,Melhorar: Melhorar a sua entrega de lições de casa.,Melhorar: Empenhar-se mais nas aulas e avaliações.,Melhorar: Integrar-se mais aos Princípios Passos Mágicos.,3.0,0.0,False,4
RA-308,3,M,Aluno-308,2009,13,Menino,2019,Escola Pública,Ametista,Ametista,Ágata,6.93,514,66,4,4,Avaliador-6,Promovido de Fase,Avaliador-27,Mantido na Fase atual,Avaliador-30,Mantido na Fase atual,Avaliador-31,Promovido de Fase + Bolsa,7.9,7.4,6.9,Sem limitações,5.0,6.7,5.5,2.8,Sim,Não,6.167,10.0,Fase 3 (7º e 8º ano),0,Melhorar: Melhorar a sua entrega de lições de casa.,Melhorar: Empenhar-se mais nas aulas e avaliações.,Melhorar: Integrar-se mais aos Princípios Passos Mágicos.,3.0,0.0,False,4
RA-312,3,N,Aluno-312,2009,13,Menina,2022,Escola Pública,,,Ametista,7.339,378,43,5,3,Avaliador-6,Mantido na Fase atual,Avaliador-30,Mantido na Fase atual,Avaliador-31,Mantido na Fase atual,,Promovido de Fase,9.6,8.1,7.5,Não atendido,5.2,6.0,4.5,5.0,Não,Não,6.167,10.0,Fase 3 (7º e 8º ano),0,Destaque: A sua boa entrega das lições de casa.,Melhorar: Empenhar-se mais nas aulas e avaliações.,Melhorar: Integrar-se mais aos Princípios Passos Mágicos.,3.0,0.0,False,4
RA-314,3,N,Aluno-314,2009,13,Menina,2022,Escola Pública,,,Ágata,6.1,708,98,10,3,Avaliador-6,Mantido na Fase atual,Avaliador-30,Mantido na Fase atual,Avaliador-31,Promovido de Fase,,Promovido de Fase,5.4,5.4,5.0,Requer avaliação,5.3,4.3,3.3,8.3,Não,Não,6.0,10.0,Fase 3 (7º e 8º ano),0,Melhorar: Melhorar a sua entrega de lições de casa.,Melhorar: Empenhar-se mais nas aulas e avaliações.,Melhorar: Integrar-se mais aos Princípios Passos Mágicos.,3.0,0.0,False,4
RA-317,3,N,Aluno-317,2009,13,Menino,2021,Escola Pública,,Ametista,Ametista,7.04,474,59,6,3,Avaliador-6,Mantido na Fase atual,Avaliador-30,Mantido na Fase atual,Avaliador-31,Promovido de Fase,,Promovido de Fase,8.8,5.6,7.5,Não atendido,6.8,4.7,5.7,10.0,Não,Não,5.944,10.0,Fase 3 (7º e 8º ano),0,Melhorar: Melhorar a sua entrega de lições de casa.,Melhorar: Empenhar-se mais nas aulas e avaliações.,Melhorar: Integrar-se mais aos Princípios Passos Mágicos.,3.0,0.0,False,4
RA-319,3,N,Aluno-319,2009,13,Menino,2022,Escola Pública,,,Ametista,7.448,336,37,4,3,Avaliador-6,Promovido de Fase,Avaliador-30,Mantido na Fase atual,Avaliador-31,Promovido de Fase,,Promovido de Fase,9.2,7.7,7.5,Não atendido,5.2,6.3,4.3,5.0,Não,Não,7.5,10.0,Fase 3 (7º e 8º ano),0,Destaque: A sua boa entrega das lições de casa.,Melhorar: Empenhar-se mais nas aulas e avaliações.,Destaque: A sua boa integração aos Princípios Passos Mágicos.,3.0,0.0,False,4
RA-321,3,N,Aluno-321,2010,12,Menina,2022,Escola Pública,,,Ametista,7.792,202,30,3,3,Avaliador-6,Promovido de Fase + Bolsa,Avaliador-30,Mantido na Fase atual,Avaliador-31,Promovido de Fase,,Promovido de Fase,9.2,9.1,5.6,Sem limitações,5.2,5.7,6.2,3.7,Sim,Não,8.278,10.0,Fase 3 (7º e 8º ano),0,Destaque: A sua boa entrega das lições de casa.,Melhorar: Empenhar-se mais nas aulas e avaliações.,Destaque: A sua boa integração aos Princípios Passos Mágicos.,3.0,0.0,False,4
RA-322,3,N,Aluno-322,2009,13,Menina,2022,Escola Pública,,,Ágata,6.859,536,70,8,3,Avaliador-6,Promovido de Fase,Avaliador-30,Mantido na Fase atual,Avaliador-31,Promovido de Fase,,Promovido de Fase,7.1,8.1,5.0,Requer avaliação,4.7,4.3,5.7,4.0,Não,Não,6.778,10.0,Fase 3 (7º e 8º ano),0,Destaque: A sua boa entrega das lições de casa.,Melhorar: Empenhar-se mais nas aulas e avaliações.,Melhorar: Integrar-se mais aos Princípios Passos Mágicos.,3.0,0.0,False,4
RA-323,3,N,Aluno-323,2009,13,Menino,2022,Escola Pública,,,Ágata,6.86,535,69,7,3,Avaliador-6,Promovido de Fase,Avaliador-30,Mantido na Fase atual,Avaliador-31,Mantido na Fase atual,,Promovido de Fase,9.2,7.3,7.5,Sem limitações,3.4,7.3,2.5,0.5,Não,Não,6.611,10.0,Fase 3 (7º e 8º ano),0,Melhorar: Melhorar a sua entrega de lições de casa.,Melhorar: Empenhar-se mais nas aulas e avaliações.,Melhorar: Integrar-se mais aos Princípios Passos Mágicos.,3.0,0.0,False,4
RA-324,2,A,Aluno-324,2012,10,Menina,2022,Escola Pública,,,Topázio,8.27,66,6,1,3,Avaliador-5,Mantido na Fase + Bolsa,Avaliador-2,Mantido na Fase atual,Avaliador-15,Mantido na Fase atual,,,10.0,9.3,6.9,Sem limitações,6.8,6.3,7.2,,Sim,Sim,8.611,10.0,Fase 2 (5º e 6º ano),0,Destaque: A sua boa entrega das lições de casa.,Melhorar: Empenhar-se mais nas aulas e avaliações.,Destaque: A sua boa integração aos Princípios Passos Mágicos.,2.0,0.0,True,4
RA-325,2,A,Aluno-325,2012,10,Menino,2022,Escola Pública,,,Ametista,7.619,265,42,6,3,Avaliador-5,Mantido na Fase + Bolsa,Avaliador-2,Mantido na Fase atual,Avaliador-15,Mantido na Fase atual,,,9.5,6.8,7.5,Sem limitações,6.0,6.0,6.0,,Sim,Sim,8.444,10.0,Fase 2 (5º e 6º ano),0,Melhorar: Melhorar a sua entrega de lições de casa.,Melhorar: Empenhar-se mais nas aulas e avaliações.,Destaque: A sua boa integração aos Princípios Passos Mágicos.,2.0,0.0,True,4
RA-327,2,A,Aluno-327,2011,11,Menino,2021,Escola Pública,,Ametista,Ágata,6.986,491,72,7,3,Avaliador-5,Mantido na Fase atual,Avaliador-2,Promovido de Fase,Avaliador-15,Mantido na Fase atual,,,8.5,8.8,7.5,Sem limitações,2.8,2.3,3.2,,Não,Não,7.333,10.0,Fase 2 (5º e 6º ano),0,Destaque: A sua boa entrega das lições de casa.,Melhorar: Empenhar-se mais nas aulas e avaliações.,Melhorar: Integrar-se mais aos Princípios Passos Mágicos.,2.0,0.0,False,4
RA-329,2,A,Aluno-329,2011,11,Menino,2019,Escola Pública,Ametista,Ágata,Ágata,6.313,683,126,12,3,Avaliador-5,Mantido na Fase atual,Avaliador-2,Promovido de Fase,Avaliador-15,Mantido na Fase atual,,,7.4,6.9,4.4,Requer avaliação,5.0,3.0,7.0,,Não,Não,5.778,10.0,Fase 2 (5º e 6º ano),0,Melhorar: Melhorar a sua entrega de lições de casa.,Melhorar: Empenhar-se mais nas aulas e avaliações.,Melhorar: Integrar-se mais aos Princípios Passos Mágicos.,2.0,0.0,False,4
RA-334,2,A,Aluno-334,2011,11,Menina,2019,Rede Decisão,Topázio,Topázio,Ametista,7.961,151,20,3,3,Avaliador-5,Promovido de Fase + Bolsa,Avaliador-2,Promovido de Fase,Avaliador-15,Promovido de Fase,,,6.9,9.2,4.4,Não indicado,8.0,7.0,9.0,,Não,Sim,8.722,10.0,Fase 2 (5º e 6º ano),0,Destaque: A sua boa entrega das lições de casa.,Destaque: As suas boas notas na Passos Mágicos.,Destaque: A sua boa integração aos Princípios Passos Mágicos.,2.0,0.0,True,4
RA-335,2,A,Aluno-335,2012,10,Menino,2022,Escola Pública,,,Ametista,7.902,168,25,4,3,Avaliador-5,Mantido na Fase atual,Avaliador-2,Mantido na Fase atual,Avaliador-15,Mantido na Fase atual,,,9.5,9.4,7.5,Sem limitações,7.4,5.8,9.0,,Não,Não,6.833,10.0,Fase 2 (5º e 6º ano),0,Destaque: A sua boa entrega das lições de casa.,Melhorar: Empenhar-se mais nas aulas e avaliações.,Melhorar: Integrar-se mais aos Princípios Passos Mágicos.,2.0,0.0,False,4
RA-337,2,B,Aluno-337,2011,11,Menino,2022,Escola Pública,,,Ametista,7.914,163,22,3,3,Avaliador-5,Mantido na Fase atual,Avaliador-2,Promovido de Fase,Avaliador-15,Mantido na Fase atual,,,10.0,9.3,7.5,Não atendido,5.8,7.5,4.0,,Não,Não,7.611,10.0,Fase 2 (5º e 6º ano),0,Destaque: A sua boa entrega das lições de casa.,Melhorar: Empenhar-se mais nas aulas e avaliações.,Destaque: A sua boa integração aos Princípios Passos Mágicos.,2.0,0.0,False,4
RA-339,2,B,Aluno-339,2011,11,Menina,2019,Escola Pública,Topázio,Ametista,Topázio,8.488,36,3,1,3,Avaliador-5,Promovido de Fase + Bolsa,Avaliador-2,Promovido de Fase,Avaliador-15,Promovido de Fase + Bolsa,,,6.9,9.9,7.5,Não atendido,8.1,7.1,9.2,,Sim,Sim,8.889,10.0,Fase 2 (5º e 6º ano),0,Destaque: A sua boa entrega das lições de casa.,Destaque: As suas boas notas na Passos Mágicos.,Destaque: A sua boa integração aos Princípios Passos Mágicos.,2.0,0.0,True,4
RA-340,2,B,Aluno-340,2011,11,Menino,2017,Escola Pública,Ametista,Ágata,Ametista,7.721,229,36,5,3,Avaliador-5,Mantido na Fase atual,Avaliador-2,Mantido na Fase atual,Avaliador-15,Mantido na Fase atual,,,9.0,8.2,7.5,Não atendido,6.5,6.0,7.0,,Não,Não,7.667,10.0,Fase 2 (5º e 6º ano),0,Destaque: A sua boa entrega das lições de casa.,Melhorar: Empenhar-se mais nas aulas e avaliações.,Destaque: A sua boa integração aos Princípios Passos Mágicos.,2.0,0.0,False,4
RA-344,2,B,Aluno-344,2011,11,Menino,2019,Escola Pública,Topázio,Ametista,Ametista,7.263,409,60,6,3,Avaliador-5,Mantido na Fase atual,Avaliador-2,Promovido de Fase,Avaliador-15,Mantido na Fase atual,,,8.5,8.3,7.5,Não atendido,4.5,2.3,6.7,,Não,Não,7.5,10.0,Fase 2 (5º e 6º ano),0,Destaque: A sua boa entrega das lições de casa.,Melhorar: Empenhar-se mais nas aulas e avaliações.,Destaque: A sua boa integração aos Princípios Passos Mágicos.,2.0,0.0,False,4
RA-346,2,B,Aluno-346,2012,10,Menino,2022,Escola Pública,,,Topázio,8.143,102,14,2,3,Avaliador-5,Promovido de Fase,Avaliador-2,Promovido de Fase,Avaliador-15,Mantido na Fase atual,,,10.0,9.1,7.5,Não atendido,7.0,6.0,8.0,,Não,Não,7.889,10.0,Fase 2 (5º e 6º ano),0,Destaque: A sua boa entrega das lições de casa.,Melhorar: Empenhar-se mais nas aulas e avaliações.,Destaque: A sua boa integração aos Princípios Passos Mágicos.,2.0,0.0,False,4
RA-350,2,D,Aluno-350,2011,11,Menina,2022,Escola Pública,,,Topázio,8.206,84,10,2,3,Avaliador-5,Promovido de Fase,Avaliador-27,Mantido na Fase atual,Avaliador-30,Mantido na Fase atual,,,10.0,8.8,7.5,Não atendido,6.5,7.0,6.0,,Não,Sim,8.611,10.0,Fase 2 (5º e 6º ano),0,Destaque: A sua boa entrega das lições de casa.,Melhorar: Empenhar-se mais nas aulas e avaliações.,Destaque: A sua boa integração aos Princípios Passos Mágicos.,2.0,0.0,True,4
RA-352,2,D,Aluno-352,2011,11,Menino,2019,Escola Pública,Ametista,Ametista,Ametista,7.834,191,31,4,3,Avaliador-5,Promovido de Fase,Avaliador-27,Mantido na Fase atual,Avaliador-30,Promovido de Fase,,,9.0,8.1,5.6,Requer avaliação,7.0,7.3,6.7,,Não,Sim,8.389,10.0,Fase 2 (5º e 6º ano),0,Destaque: A sua boa entrega das lições de casa.,Melhorar: Empenhar-se mais nas aulas e avaliações.,Destaque: A sua boa integração aos Princípios Passos Mágicos.,2.0,0.0,True,4
RA-353,2,D,Aluno-353,2011,11,Menina,2022,Escola Pública,,,Topázio,8.264,69,7,1,3,Avaliador-5,Promovido de Fase,Avaliador-27,Mantido na Fase atual,Avaliador-30,Promovido de Fase,,,7.0,10.0,7.5,Não atendido,7.5,8.0,7.0,,Não,Sim,8.444,10.0,Fase 2 (5º e 6º ano),0,Destaque: A sua boa entrega das lições de casa.,Destaque: As suas boas notas na Passos Mágicos.,Destaque: A sua boa integração aos Princípios Passos Mágicos.,2.0,0.0,True,4
RA-364,2,F,Aluno-364,2011,11,Menino,2019,Escola Pública,Ametista,Topázio,Topázio,8.75,12,1,1,3,Avaliador-5,Promovido de Fase,Avaliador-2,Mantido na Fase atual,Avaliador-15,Promovido de Fase,,,9.5,10.0,7.5,Sem limitações,8.8,9.5,8.0,,Não,Não,8.167,10.0,Fase 2 (5º e 6º ano),0,Destaque: A sua boa entrega das lições de casa.,Destaque: As suas boas notas na Passos Mágicos.,Destaque: A sua boa integração aos Princípios Passos Mágicos.,2.0,0.0,False,4
RA-365,2,F,Aluno-365,2012,10,Menina,2022,Escola Pública,,,Topázio,8.063,129,17,3,3,Avaliador-5,Mantido na Fase atual,Avaliador-2,Mantido na Fase atual,Avaliador-15,Mantido na Fase atual,,,8.0,10.0,5.0,Sem limitações,7.8,6.0,9.5,,Não,Não,7.833,10.0,Fase 2 (5º e 6º ano),0,Destaque: A sua boa entrega das lições de casa.,Destaque: As suas boas notas na Passos Mágicos.,Destaque: A sua boa integração aos Princípios Passos Mágicos.,2.0,0.0,False,4
RA-369,2,F,Aluno-369,2011,11,Menino,2022,Escola Pública,,,Ágata,6.973,496,73,11,3,Avaliador-5,Mantido na Fase atual,Avaliador-2,Mantido na Fase atual,Avaliador-15,Mantido na Fase atual,,,9.0,6.9,7.5,Sem limitações,4.8,4.0,5.5,,Não,Não,6.889,10.0,Fase 2 (5º e 6º ano),0,Melhorar: Melhorar a sua entrega de lições de casa.,Melhorar: Empenhar-se mais nas aulas e avaliações.,Melhorar: Integrar-se mais aos Princípios Passos Mágicos.,2.0,0.0,False,4
RA-371,2,F,Aluno-371,2012,10,Menina,2022,Escola Pública,,,Topázio,8.112,111,16,2,3,Avaliador-5,Mantido na Fase atual,Avaliador-2,Promovido de Fase,Avaliador-15,Mantido na Fase atual,,,9.5,8.0,6.9,Sem limitações,8.4,7.8,9.0,,Não,Não,7.667,10.0,Fase 2 (5º e 6º ano),0,Destaque: A sua boa entrega das lições de casa.,Destaque: As suas boas notas na Passos Mágicos.,Destaque: A sua boa integração aos Princípios Passos Mágicos.,2.0,0.0,False,4
RA-372,2,F,Aluno-372,2012,10,Menino,2021,Escola Pública,,Topázio,Ametista,7.304,389,57,8,3,Avaliador-5,Mantido na Fase atual,Avaliador-2,Promovido de Fase,Avaliador-15,Mantido na Fase atual,,,8.5,5.5,6.9,Sem limitações,7.8,8.3,7.2,,Não,Não,7.389,10.0,Fase 2 (5º e 6º ano),0,Melhorar: Melhorar a sua entrega de lições de casa.,Destaque: As suas boas notas na Passos Mágicos.,Melhorar: Integrar-se mais aos Princípios Passos Mágicos.,2.0,0.0,False,4
RA-373,2,F,Aluno-373,2011,11,Menino,2022,Escola Pública,,,Ametista,7.503,308,46,6,3,Avaliador-5,Mantido na Fase atual,Avaliador-2,Mantido na Fase atual,Avaliador-15,Mantido na Fase atual,,,6.4,9.5,5.0,Requer avaliação,7.3,6.5,8.0,,Não,Não,6.944,10.0,Fase 2 (5º e 6º ano),0,Destaque: A sua boa entrega das lições de casa.,Melhorar: Empenhar-se mais nas aulas e avaliações.,Melhorar: Integrar-se mais aos Princípios Passos Mágicos.,2.0,0.0,False,4
RA-375,2,F,Aluno-375,2011,11,Menino,2019,Escola Pública,Topázio,Topázio,Ametista,7.831,194,32,4,3,Avaliador-5,Mantido na Fase atual,Avaliador-2,Promovido de Fase,Avaliador-15,Mantido na Fase atual,,,9.0,9.5,7.5,Sem limitações,5.4,3.3,7.5,,Não,Não,7.667,10.0,Fase 2 (5º e 6º ano),0,Destaque: A sua boa entrega das lições de casa.,Melhorar: Empenhar-se mais nas aulas e avaliações.,Destaque: A sua boa integração aos Princípios Passos Mágicos.,2.0,0.0,False,4
RA-383,2,I,Aluno-383,2011,11,Menino,2019,Escola Pública,Topázio,Ametista,Topázio,8.4,47,5,1,3,Avaliador-5,Promovido de Fase,Avaliador-2,Promovido de Fase,Avaliador-15,Promovido de Fase,,,9.0,9.6,7.5,Sem limitações,8.1,8.0,8.2,,Não,Não,7.778,10.0,Fase 2 (5º e 6º ano),0,Destaque: A sua boa entrega das lições de casa.,Destaque: As suas boas notas na Passos Mágicos.,Destaque: A sua boa integração aos Princípios Passos Mágicos.,2.0,0.0,False,4
RA-389,2,I,Aluno-389,2011,11,Menino,2019,Escola Pública,Ametista,Ágata,Ametista,7.184,435,66,4,3,Avaliador-5,Mantido na Fase atual,Avaliador-2,Mantido na Fase atual,Avaliador-15,Mantido na Fase atual,,,8.0,8.9,7.5,Sem limitações,3.5,2.0,5.0,,Não,Não,7.556,10.0,Fase 2 (5º e 6º ano),0,Destaque: A sua boa entrega das lições de casa.,Melhorar: Empenhar-se mais nas aulas e avaliações.,Destaque: A sua boa integração aos Princípios Passos Mágicos.,2.0,0.0,False,4
RA-394,2,J,Aluno-394,2011,11,Menina,2022,Escola Pública,,,Ametista,7.897,171,26,1,3,Avaliador-5,Promovido de Fase,Avaliador-27,Mantido na Fase atual,Avaliador-30,Promovido de Fase,,,9.5,8.6,7.5,Sem limitações,5.9,4.3,7.5,,Não,Sim,8.444,10.0,Fase 2 (5º e 6º ano),0,Destaque: A sua boa entrega das lições de casa.,Melhorar: Empenhar-se mais nas aulas e avaliações.,Destaque: A sua boa integração aos Princípios Passos Mágicos.,2.0,0.0,True,4
RA-395,2,J,Aluno-395,2011,11,Menina,2018,Escola Pública,Ametista,Topázio,Ametista,7.683,239,39,2,3,Avaliador-5,Promovido de Fase,Avaliador-27,Mantido na Fase atual,Avaliador-30,Promovido de Fase,,,9.0,8.9,7.5,Sem limitações,4.9,4.2,5.7,,Não,Não,8.333,10.0,Fase 2 (5º e 6º ano),0,Destaque: A sua boa entrega das lições de casa.,Melhorar: Empenhar-se mais nas aulas e avaliações.,Destaque: A sua boa integração aos Princípios Passos Mágicos.,2.0,0.0,False,4
RA-398,2,K,Aluno-398,2012,10,Menina,2022,Escola Pública,,,Ametista,7.742,221,35,2,3,Avaliador-5,Mantido na Fase atual,Avaliador-2,Promovido de Fase,Avaliador-15,Mantido na Fase atual,,,9.0,9.3,7.5,Sem limitações,5.5,3.0,8.0,,Não,Não,7.5,10.0,Fase 2 (5º e 6º ano),0,Destaque: A sua boa entrega das lições de casa.,Melhorar: Empenhar-se mais nas aulas e avaliações.,Destaque: A sua boa integração aos Princípios Passos Mágicos.,2.0,0.0,False,4
RA-409,2,K,Aluno-409,2011,11,Menina,2022,Escola Pública,,,Topázio,8.15,99,13,1,3,Avaliador-5,Mantido na Fase atual,Avaliador-2,Promovido de Fase,Avaliador-15,Mantido na Fase atual,,,7.9,9.7,7.5,Sem limitações,7.8,6.0,9.5,,Não,Não,7.5,10.0,Fase 2 (5º e 6º ano),0,Destaque: A sua boa entrega das lições de casa.,Destaque: As suas boas notas na Passos Mágicos.,Destaque: A sua boa integração aos Princípios Passos Mágicos.,2.0,0.0,False,4
RA-415,2,L,Aluno-415,2011,11,Menina,2019,Escola Pública,Topázio,Ametista,Ametista,7.695,235,37,7,3,Avaliador-5,Mantido na Fase atual,Avaliador-2,Promovido de Fase,Avaliador-15,Mantido na Fase atual,,,8.0,8.3,7.5,Não atendido,6.2,4.8,7.5,,Não,Não,8.056,10.0,Fase 2 (5º e 6º ano),0,Destaque: A sua boa entrega das lições de casa.,Melhorar: Empenhar-se mais nas aulas e avaliações.,Destaque: A sua boa integração aos Princípios Passos Mágicos.,2.0,0.0,False,4
RA-418,2,L,Aluno-418,2012,10,Menina,2020,Rede Decisão,Topázio,Topázio,Topázio,8.175,93,12,3,3,Avaliador-5,Mantido na Fase atual,Avaliador-2,Mantido na Fase atual,Avaliador-15,Mantido na Fase atual,,,8.0,9.4,7.5,Não atendido,7.5,6.5,8.5,,Não,Não,8.222,10.0,Fase 2 (5º e 6º ano),0,Destaque: A sua boa entrega das lições de casa.,Destaque: As suas boas notas na Passos Mágicos.,Destaque: A sua boa integração aos Princípios Passos Mágicos.,2.0,0.0,False,4
RA-420,2,L,Aluno-420,2011,11,Menina,2019,Rede Decisão,Topázio,Ametista,Ametista,7.461,331,49,9,3,Avaliador-5,Mantido na Fase atual,Avaliador-2,Promovido de Fase,Avaliador-15,Mantido na Fase atual,,,9.5,9.0,5.6,Requer avaliação,4.5,1.3,7.7,,Não,Não,8.0,10.0,Fase 2 (5º e 6º ano),0,Destaque: A sua boa entrega das lições de casa.,Melhorar: Empenhar-se mais nas aulas e avaliações.,Destaque: A sua boa integração aos Princípios Passos Mágicos.,2.0,0.0,False,4
RA-421,2,L,Aluno-421,2011,11,Menino,2021,Escola Pública,,Topázio,Topázio,8.717,14,2,1,3,Avaliador-5,Promovido de Fase + Bolsa,Avaliador-2,Promovido de Fase,Avaliador-15,Mantido na Fase atual,,,8.5,9.3,7.5,Não atendido,8.8,9.2,8.5,,Sim,Sim,9.111,10.0,Fase 2 (5º e 6º ano),0,Destaque: A sua boa entrega das lições de casa.,Destaque: As suas boas notas na Passos Mágicos.,Destaque: A sua boa integração aos Princípios Passos Mágicos.,2.0,0.0,True,4
RA-431,2,M,Aluno-431,2011,11,Menino,2022,Escola Pública,,,Ametista,7.175,439,68,5,3,Avaliador-5,Mantido na Fase atual,Avaliador-27,Mantido na Fase atual,Avaliador-15,Mantido na Fase atual,,,9.0,8.1,7.5,Não atendido,4.5,5.0,4.0,,Não,Não,6.778,10.0,Fase 2 (5º e 6º ano),0,Destaque: A sua boa entrega das lições de casa.,Melhorar: Empenhar-se mais nas aulas e avaliações.,Melhorar: Integrar-se mais aos Princípios Passos Mágicos.,2.0,0.0,False,4
RA-434,2,M,Aluno-434,2011,11,Menino,2022,Escola Pública,,,Ametista,7.403,360,52,4,3,Avaliador-5,Mantido na Fase atual,Avaliador-27,Mantido na Fase atual,Avaliador-15,Mantido na Fase atual,,,9.0,8.1,7.5,Sem limitações,5.7,4.8,6.5,,Não,Não,6.778,10.0,Fase 2 (5º e 6º ano),0,Destaque: A sua boa entrega das lições de casa.,Melhorar: Empenhar-se mais nas aulas e avaliações.,Melhorar: Integrar-se mais aos Princípios Passos Mágicos.,2.0,0.0,False,4
RA-435,2,M,Aluno-435,2012,10,Menina,2022,Escola Pública,,,Ágata,6.599,627,109,8,3,Avaliador-5,Mantido na Fase atual,Avaliador-27,Mantido na Fase atual,Avaliador-15,Mantido na Fase atual,,,7.9,6.2,7.5,Sem limitações,4.7,3.7,5.7,,Não,Não,6.444,10.0,Fase 2 (5º e 6º ano),0,Melhorar: Melhorar a sua entrega de lições de casa.,Melhorar: Empenhar-se mais nas aulas e avaliações.,Melhorar: Integrar-se mais aos Princípios Passos Mágicos.,2.0,0.0,False,4
RA-436,2,M,Aluno-436,2011,11,Menino,2022,Escola Pública,,,Ágata,6.687,592,98,7,3,Avaliador-5,Mantido na Fase atual,Avaliador-27,Mantido na Fase atual,Avaliador-15,Mantido na Fase atual,,,9.5,8.1,7.5,Sem limitações,2.0,4.0,0.0,,Não,Não,6.611,10.0,Fase 2 (5º e 6º ano),0,Destaque: A sua boa entrega das lições de casa.,Melhorar: Empenhar-se mais nas aulas e avaliações.,Melhorar: Integrar-se mais aos Princípios Passos Mágicos.,2.0,0.0,False,4
RA-438,2,M,Aluno-438,2012,10,Menino,2022,Escola Pública,,,Ametista,7.764,213,33,1,3,Avaliador-5,Mantido na Fase atual,Avaliador-27,Mantido na Fase atual,Avaliador-15,Mantido na Fase atual,,,8.0,8.7,7.5,Sem limitações,7.3,6.5,8.0,,Não,Não,6.889,10.0,Fase 2 (5º e 6º ano),0,Destaque: A sua boa entrega das lições de casa.,Melhorar: Empenhar-se mais nas aulas e avaliações.,Melhorar: Integrar-se mais aos Princípios Passos Mágicos.,2.0,0.0,False,4
RA-440,2,P,Aluno-440,2011,11,Menino,2022,Escola Pública,,,Ametista,7.329,382,56,6,3,Avaliador-5,Mantido na Fase atual,Avaliador-2,Mantido na Fase atual,Avaliador-15,Mantido na Fase atual,,,9.5,9.0,6.9,Não atendido,5.5,6.0,5.0,,Não,Não,5.833,10.0,Fase 2 (5º e 6º ano),0,Destaque: A sua boa entrega das lições de casa.,Melhorar: Empenhar-se mais nas aulas e avaliações.,Melhorar: Integrar-se mais aos Princípios Passos Mágicos.,2.0,0.0,False,4
RA-441,2,P,Aluno-441,2011,11,Menina,2019,Escola Pública,Topázio,Topázio,Topázio,8.188,87,11,2,3,Avaliador-5,Promovido de Fase,Avaliador-2,Promovido de Fase,Avaliador-15,Mantido na Fase atual,,,9.0,7.9,7.5,Não atendido,8.0,8.0,8.0,,Não,Não,8.333,10.0,Fase 2 (5º e 6º ano),0,Destaque: A sua boa entrega das lições de casa.,Destaque: As suas boas notas na Passos Mágicos.,Destaque: A sua boa integração aos Princípios Passos Mágicos.,2.0,0.0,False,4
RA-442,2,P,Aluno-442,2011,11,Menina,2022,Escola Pública,,,Topázio,8.226,78,8,1,3,Avaliador-5,Promovido de Fase,Avaliador-2,Mantido na Fase atual,Avaliador-15,Mantido na Fase atual,,,10.0,8.2,7.5,Não atendido,7.5,9.0,6.0,,Não,Não,8.222,10.0,Fase 2 (5º e 6º ano),0,Destaque: A sua boa entrega das lições de casa.,Destaque: As suas boas notas na Passos Mágicos.,Destaque: A sua boa integração aos Princípios Passos Mágicos.,2.0,0.0,False,4
RA-444,2,P,Aluno-444,2011,11,Menino,2018,Escola Pública,Ágata,Ametista,Ágata,6.665,601,99,8,3,Avaliador-5,Mantido na Fase atual,Avaliador-2,Promovido de Fase,Avaliador-15,Mantido na Fase atual,,,9.0,7.2,5.0,Requer avaliação,3.1,1.5,4.7,,Não,Não,7.778,10.0,Fase 2 (5º e 6º ano),0,Melhorar: Melhorar a sua entrega de lições de casa.,Melhorar: Empenhar-se mais nas aulas e avaliações.,Destaque: A sua boa integração aos Princípios Passos Mágicos.,2.0,0.0,False,4
RA-447,2,P,Aluno-447,2012,10,Menina,2022,Escola Pública,,,Quartzo,5.607,773,144,10,3,Avaliador-5,Mantido na Fase atual,Avaliador-2,Mantido na Fase atual,Avaliador-15,Mantido na Fase atual,,,0.0,7.0,7.5,Não atendido,3.5,7.0,0.0,,Não,Não,5.556,10.0,Fase 2 (5º e 6º ano),0,Melhorar: Melhorar a sua entrega de lições de casa.,Melhorar: Empenhar-se mais nas aulas e avaliações.,Melhorar: Integrar-se mais aos Princípios Passos Mágicos.,2.0,0.0,False,4
RA-448,2,P,Aluno-448,2011,11,Menina,2022,Escola Pública,,,Ametista,7.972,150,19,3,3,Avaliador-5,Mantido na Fase atual,Avaliador-2,Mantido na Fase atual,Avaliador-15,Mantido na Fase atual,,,9.0,9.7,7.5,Não atendido,5.5,5.0,6.0,,Não,Não,8.111,10.0,Fase 2 (5º e 6º ano),0,Destaque: A sua boa entrega das lições de casa.,Melhorar: Empenhar-se mais nas aulas e avaliações.,Destaque: A sua boa integração aos Princípios Passos Mágicos.,2.0,0.0,False,4
RA-465,2,U,Aluno-465,2011,11,Menino,2019,Escola Pública,Topázio,Ametista,Ametista,8.012,139,18,1,3,Avaliador-5,Promovido de Fase,Avaliador-2,Promovido de Fase,Avaliador-15,Promovido de Fase,,,8.0,7.9,7.5,Não atendido,7.8,9.3,6.3,,Não,Sim,8.444,10.0,Fase 2 (5º e 6º ano),0,Destaque: A sua boa entrega das lições de casa.,Destaque: As suas boas notas na Passos Mágicos.,Destaque: A sua boa integração aos Princípios Passos Mágicos.,2.0,0.0,True,4
RA-469,2,U,Aluno-469,2011,11,Menina,2022,Escola Pública,,,Ametista,7.624,263,41,2,3,Avaliador-5,Mantido na Fase atual,Avaliador-2,Mantido na Fase atual,Avaliador-15,Mantido na Fase atual,,,9.0,9.6,5.0,Requer avaliação,5.7,6.2,5.2,,Não,Não,7.833,10.0,Fase 2 (5º e 6º ano),0,Destaque: A sua boa entrega das lições de casa.,Melhorar: Empenhar-se mais nas aulas e avaliações.,Destaque: A sua boa integração aos Princípios Passos Mágicos.,2.0,0.0,False,4
RA-481,1,A,Aluno-481,2013,9,Menino,2021,Escola Pública,,Topázio,Ametista,7.21,424,109,9,3,Avaliador-4,Mantido na Fase atual,Avaliador-2,Promovido de Fase,Avaliador-15,Mantido na Fase atual,,,9.0,8.0,7.5,Não atendido,5.2,5.7,4.7,,Não,Não,6.889,10.0,Fase 1 (4º ano),0,Destaque: A sua boa entrega das lições de casa.,Melhorar: Empenhar-se mais nas aulas e avaliações.,Melhorar: Integrar-se mais aos Princípios Passos Mágicos.,1.0,0.0,False,4
RA-489,1,A,Aluno-489,2013,9,Menina,2022,Escola Pública,,,Quartzo,5.853,743,176,12,3,Avaliador-4,Mantido na Fase atual,Avaliador-2,Mantido na Fase atual,Avaliador-15,Mantido na Fase atual,,,9.0,7.2,7.5,Não atendido,0.0,0.0,0.0,,Não,Não,6.5,10.0,Fase 1 (4º ano),0,Melhorar: Melhorar a sua entrega de lições de casa.,Melhorar: Empenhar-se mais nas aulas e avaliações.,Melhorar: Integrar-se mais aos Princípios Passos Mágicos.,1.0,0.0,False,4
RA-493,1,B,Aluno-493,2013,9,Menina,2020,Escola Pública,Topázio,Topázio,Topázio,8.306,61,12,1,3,Avaliador-4,Mantido na Fase atual,Avaliador-2,Promovido de Fase,Avaliador-15,Promovido de Fase,,,10.0,9.4,7.5,Sem limitações,7.2,7.3,7.0,,Não,Não,8.278,10.0,Fase 1 (4º ano),0,Destaque: A sua boa entrega das lições de casa.,Melhorar: Empenhar-se mais nas aulas e avaliações.,Destaque: A sua boa integração aos Princípios Passos Mágicos.,1.0,0.0,False,4
RA-501,1,B,Aluno-501,2013,9,Menino,2021,Escola Pública,,Topázio,Ametista,7.794,201,48,8,3,Avaliador-4,Mantido na Fase atual,Avaliador-2,Promovido de Fase,Avaliador-15,Mantido na Fase atual,,,8.5,8.8,7.5,Sem limitações,6.8,8.0,5.7,,Não,Não,7.333,10.0,Fase 1 (4º ano),0,Destaque: A sua boa entrega das lições de casa.,Melhorar: Empenhar-se mais nas aulas e avaliações.,Melhorar: Integrar-se mais aos Princípios Passos Mágicos.,1.0,0.0,False,4
RA-504,1,B,Aluno-504,2013,9,Menina,2021,Escola Pública,,Topázio,Topázio,8.072,124,29,4,3,Avaliador-4,Mantido na Fase atual,Avaliador-2,Promovido de Fase,Avaliador-15,Promovido de Fase,,,8.5,8.9,7.5,Sem limitações,8.0,7.8,8.2,,Não,Não,7.556,10.0,Fase 1 (4º ano),0,Destaque: A sua boa entrega das lições de casa.,Destaque: As suas boas notas na Passos Mágicos.,Destaque: A sua boa integração aos Princípios Passos Mágicos.,1.0,0.0,False,4
RA-513,1,C,Aluno-513,2013,9,Menino,2021,Escola Pública,,Topázio,Topázio,8.229,77,17,2,3,Avaliador-4,Mantido na Fase atual,Avaliador-2,Promovido de Fase,Avaliador-15,Mantido na Fase atual,,,9.0,9.6,5.6,Requer avaliação,8.3,8.2,8.5,,Não,Não,7.778,10.0,Fase 1 (4º ano),0,Destaque: A sua boa entrega das lições de casa.,Destaque: As suas boas notas na Passos Mágicos.,Destaque: A sua boa integração aos Princípios Passos Mágicos.,1.0,0.0,False,4
RA-514,1,C,Aluno-514,2013,9,Menina,2022,Escola Pública,,,Ametista,7.039,476,123,8,3,Avaliador-4,Mantido na Fase atual,Avaliador-2,Promovido de Fase,Avaliador-15,Mantido na Fase atual,,,8.0,9.7,7.5,Não atendido,4.8,2.0,7.5,,Não,Não,5.889,10.0,Fase 1 (4º ano),0,Destaque: A sua boa entrega das lições de casa.,Melhorar: Empenhar-se mais nas aulas e avaliações.,Melhorar: Integrar-se mais aos Princípios Passos Mágicos.,1.0,0.0,False,4
RA-516,1,C,Aluno-516,2013,9,Menino,2019,Rede Decisão,Topázio,Topázio,Topázio,8.903,8,2,1,3,Avaliador-4,Promovido de Fase + Bolsa,Avaliador-2,Promovido de Fase,Avaliador-15,Promovido de Fase + Bolsa,,,10.0,9.7,7.5,Não atendido,9.9,10.0,9.8,,Não,Não,8.056,10.0,Fase 1 (4º ano),0,Destaque: A sua boa entrega das lições de casa.,Destaque: As suas boas notas na Passos Mágicos.,Destaque: A sua boa integração aos Princípios Passos Mágicos.,1.0,0.0,False,4
RA-519,1,D,Aluno-519,2013,9,Menino,2022,Escola Pública,,,Ametista,8.0,144,36,5,3,Avaliador-7,Mantido na Fase atual,Avaliador-3,Mantido na Fase atual,Avaliador-15,Mantido na Fase atual,,,7.4,9.6,7.5,Não atendido,7.5,7.0,8.0,,Não,Não,7.333,10.0,Fase 1 (4º ano),0,Destaque: A sua boa entrega das lições de casa.,Destaque: As suas boas notas na Passos Mágicos.,Melhorar: Integrar-se mais aos Princípios Passos Mágicos.,1.0,0.0,False,4
RA-521,1,D,Aluno-521,2013,9,Menino,2022,Escola Pública,,,Ametista,7.725,228,59,6,3,Avaliador-7,Mantido na Fase atual,Avaliador-3,Mantido na Fase atual,Avaliador-15,Mantido na Fase atual,,,9.0,10.0,5.0,Requer avaliação,6.0,5.0,7.0,,Não,Não,7.5,10.0,Fase 1 (4º ano),0,Destaque: A sua boa entrega das lições de casa.,Melhorar: Empenhar-se mais nas aulas e avaliações.,Destaque: A sua boa integração aos Princípios Passos Mágicos.,1.0,0.0,False,4
RA-522,1,D,Aluno-522,2013,9,Menino,2021,Escola Pública,,Topázio,Topázio,8.306,60,11,1,3,Avaliador-7,Mantido na Fase atual,Avaliador-3,Mantido na Fase atual,Avaliador-15,Promovido de Fase,,,9.5,9.1,7.5,Não atendido,7.5,7.0,8.0,,Não,Não,8.167,10.0,Fase 1 (4º ano),0,Destaque: A sua boa entrega das lições de casa.,Destaque: As suas boas notas na Passos Mágicos.,Destaque: A sua boa integração aos Princípios Passos Mágicos.,1.0,0.0,False,4
RA-527,1,D,Aluno-527,2013,9,Menina,2022,Escola Pública,,,Ametista,8.025,135,33,3,3,Avaliador-7,Mantido na Fase atual,Avaliador-3,Mantido na Fase atual,Avaliador-15,Mantido na Fase atual,,,8.5,10.0,7.5,Não atendido,6.5,5.0,8.0,,Não,Não,7.5,10.0,Fase 1 (4º ano),0,Destaque: A sua boa entrega das lições de casa.,Melhorar: Empenhar-se mais nas aulas e avaliações.,Destaque: A sua boa integração aos Princípios Passos Mágicos.,1.0,0.0,False,4
RA-532,1,E,Aluno-532,2013,9,Menina,2022,Escola Pública,,,Ametista,7.792,203,49,3,3,Avaliador-7,Mantido na Fase atual,Avaliador-3,Mantido na Fase atual,Avaliador-15,Mantido na Fase atual,,,9.5,9.7,7.5,Não atendido,5.5,4.0,7.0,,Não,Não,7.167,10.0,Fase 1 (4º ano),0,Destaque: A sua boa entrega das lições de casa.,Melhorar: Empenhar-se mais nas aulas e avaliações.,Melhorar: Integrar-se mais aos Princípios Passos Mágicos.,1.0,0.0,False,4
RA-572,1,J,Aluno-572,2013,9,Menino,2022,Escola Pública,,,Ametista,7.48,322,83,6,3,Avaliador-7,Mantido na Fase atual,Avaliador-3,Mantido na Fase atual,,Mantido na Fase atual,,,8.5,8.0,7.5,Não atendido,6.8,4.5,9.0,,Não,Não,6.833,10.0,Fase 1 (4º ano),0,Destaque: A sua boa entrega das lições de casa.,Melhorar: Empenhar-se mais nas aulas e avaliações.,Melhorar: Integrar-se mais aos Princípios Passos Mágicos.,1.0,0.0,False,4
RA-585,1,K,Aluno-585,2013,9,Menina,2020,Escola Pública,Ágata,Topázio,Ametista,7.398,362,94,7,3,Avaliador-4,Mantido na Fase atual,Avaliador-2,Mantido na Fase atual,,Mantido na Fase atual,,,8.5,9.1,7.5,Não atendido,5.0,3.7,6.3,,Não,Não,6.889,10.0,Fase 1 (4º ano),0,Destaque: A sua boa entrega das lições de casa.,Melhorar: Empenhar-se mais nas aulas e avaliações.,Melhorar: Integrar-se mais aos Princípios Passos Mágicos.,1.0,0.0,False,4
RA-588,1,K,Aluno-588,2013,9,Menina,2021,Rede Decisão,,Topázio,Topázio,8.622,26,4,2,3,Avaliador-4,Promovido de Fase + Bolsa,Avaliador-2,Promovido de Fase,,Promovido de Fase + Bolsa,,,9.5,10.0,5.6,Sem limitações,9.3,9.3,9.2,,Não,Não,8.278,10.0,Fase 1 (4º ano),0,Destaque: A sua boa entrega das lições de casa.,Destaque: As suas boas notas na Passos Mágicos.,Destaque: A sua boa integração aos Princípios Passos Mágicos.,1.0,0.0,False,4
RA-589,1,K,Aluno-589,2013,9,Menina,2022,Escola Pública,,,Ametista,7.744,219,57,4,3,Avaliador-4,Mantido na Fase atual,Avaliador-2,Mantido na Fase atual,,Mantido na Fase atual,,,9.5,9.4,7.5,Não atendido,5.8,3.0,8.5,,Não,Não,7.056,10.0,Fase 1 (4º ano),0,Destaque: A sua boa entrega das lições de casa.,Melhorar: Empenhar-se mais nas aulas e avaliações.,Melhorar: Integrar-se mais aos Princípios Passos Mágicos.,1.0,0.0,False,4
RA-596,1,K,Aluno-596,2013,9,Menina,2021,Escola Pública,,Topázio,Topázio,8.971,4,1,1,3,Avaliador-4,Mantido na Fase atual,Avaliador-2,Promovido de Fase,,Promovido de Fase + Bolsa,,,9.5,10.0,7.5,Sem limitações,9.3,8.8,9.8,,Sim,Sim,9.0,10.0,Fase 1 (4º ano),0,Destaque: A sua boa entrega das lições de casa.,Destaque: As suas boas notas na Passos Mágicos.,Destaque: A sua boa integração aos Princípios Passos Mágicos.,1.0,0.0,True,4
RA-597,1,L,Aluno-597,2013,9,Menino,2022,Escola Pública,,,Topázio,8.265,67,14,1,3,Avaliador-4,Mantido na Fase atual,Avaliador-2,Mantido na Fase atual,,Mantido na Fase atual,,,9.0,10.0,7.5,Sem limitações,8.0,6.5,9.5,,Não,Não,7.056,10.0,Fase 1 (4º ano),0,Destaque: A sua boa entrega das lições de casa.,Destaque: As suas boas notas na Passos Mágicos.,Melhorar: Integrar-se mais aos Princípios Passos Mágicos.,1.0,0.0,False,4
RA-600,1,L,Aluno-600,2013,9,Menina,2021,Escola Pública,,Ametista,Ágata,7.011,483,126,10,3,Avaliador-4,Mantido na Fase atual,Avaliador-2,Mantido na Fase atual,,Mantido na Fase atual,,,8.5,8.4,7.5,Sem limitações,3.9,2.8,5.0,,Não,Não,6.833,10.0,Fase 1 (4º ano),0,Destaque: A sua boa entrega das lições de casa.,Melhorar: Empenhar-se mais nas aulas e avaliações.,Melhorar: Integrar-se mais aos Princípios Passos Mágicos.,1.0,0.0,False,4
RA-610,1,L,Aluno-610,2013,9,Menina,2022,Escola Pública,,,Topázio,8.18,91,21,3,3,Avaliador-4,Mantido na Fase atual,Avaliador-2,Promovido de Fase,,Mantido na Fase atual,,,9.0,9.6,7.5,Sem limitações,6.5,6.0,7.0,,Não,Sim,8.5,10.0,Fase 1 (4º ano),0,Destaque: A sua boa entrega das lições de casa.,Melhorar: Empenhar-se mais nas aulas e avaliações.,Destaque: A sua boa integração aos Princípios Passos Mágicos.,1.0,0.0,True,4
RA-615,1,M,Aluno-615,2013,9,Menina,2020,Escola Pública,Topázio,Topázio,Topázio,8.086,120,27,3,3,Avaliador-7,Mantido na Fase atual,Avaliador-3,Mantido na Fase atual,,Promovido de Fase,,,9.5,9.7,7.5,Não atendido,7.3,7.8,6.7,,Não,Não,6.889,10.0,Fase 1 (4º ano),0,Destaque: A sua boa entrega das lições de casa.,Melhorar: Empenhar-se mais nas aulas e avaliações.,Melhorar: Integrar-se mais aos Princípios Passos Mágicos.,1.0,0.0,False,4
RA-629,1,N,Aluno-629,2013,9,Menino,2022,Escola Pública,,,Topázio,8.11,112,24,1,3,Avaliador-7,Mantido na Fase atual,Avaliador-3,Mantido na Fase atual,,Mantido na Fase atual,,,9.0,10.0,7.5,Não atendido,7.0,5.0,9.0,,Não,Não,7.278,10.0,Fase 1 (4º ano),0,Destaque: A sua boa entrega das lições de casa.,Melhorar: Empenhar-se mais nas aulas e avaliações.,Melhorar: Integrar-se mais aos Princípios Passos Mágicos.,1.0,0.0,False,4
RA-630,1,N,Aluno-630,2013,9,Menino,2022,Escola Pública,,,Topázio,8.064,127,30,2,3,Avaliador-7,Mantido na Fase atual,Avaliador-3,Mantido na Fase atual,,Mantido na Fase atual,,,9.5,9.2,7.5,Não atendido,7.3,6.5,8.0,,Não,Não,7.278,10.0,Fase 1 (4º ano),0,Destaque: A sua boa entrega das lições de casa.,Melhorar: Empenhar-se mais nas aulas e avaliações.,Melhorar: Integrar-se mais aos Princípios Passos Mágicos.,1.0,0.0,False,4
RA-638,1,P,Aluno-638,2013,9,Menina,2020,Escola Pública,Topázio,Ametista,Ametista,7.059,467,120,7,3,Avaliador-4,Mantido na Fase atual,Avaliador-2,Mantido na Fase atual,,Mantido na Fase atual,,,8.5,9.3,7.5,Não atendido,3.9,2.0,5.8,,Não,Não,6.278,10.0,Fase 1 (4º ano),0,Destaque: A sua boa entrega das lições de casa.,Melhorar: Empenhar-se mais nas aulas e avaliações.,Melhorar: Integrar-se mais aos Princípios Passos Mágicos.,1.0,0.0,False,4
RA-641,1,P,Aluno-641,2013,9,Menina,2022,Escola Pública,,,Ametista,7.776,210,53,2,3,Avaliador-4,Mantido na Fase atual,Avaliador-2,Promovido de Fase,,Mantido na Fase atual,,,9.0,9.3,7.5,Não atendido,6.5,4.5,8.5,,Não,Não,6.778,10.0,Fase 1 (4º ano),0,Destaque: A sua boa entrega das lições de casa.,Melhorar: Empenhar-se mais nas aulas e avaliações.,Melhorar: Integrar-se mais aos Princípios Passos Mágicos.,1.0,0.0,False,4
RA-652,1,R,Aluno-652,2013,9,Menina,2022,Escola Pública,,,Topázio,8.151,98,22,2,3,Avaliador-7,Mantido na Fase atual,Avaliador-3,Mantido na Fase atual,,Mantido na Fase atual,,,8.0,9.6,7.5,Não atendido,7.8,7.0,8.5,,Não,Não,7.5,10.0,Fase 1 (4º ano),0,Destaque: A sua boa entrega das lições de casa.,Destaque: As suas boas notas na Passos Mágicos.,Destaque: A sua boa integração aos Princípios Passos Mágicos.,1.0,0.0,False,4
RA-660,1,U,Aluno-660,2013,9,Menina,2021,Escola Pública,,Topázio,Topázio,8.363,50,7,1,2,Avaliador-5,Promovido de Fase,Avaliador-2,Promovido de Fase,,Não avaliado,,,9.5,9.0,7.5,Não atendido,6.9,5.8,8.0,,Não,Sim,9.083,10.0,Fase 1 (4º ano),0,Destaque: A sua boa entrega das lições de casa.,Melhorar: Empenhar-se mais nas aulas e avaliações.,Destaque: A sua boa integração aos Princípios Passos Mágicos.,1.0,0.0,True,4
